"apparent errors",TOKO,"CENTRAL DESERT",NT
"apparent errors",STURT,"CENTRAL DESERT",NT
"apparent errors",CARRANDOTTA,"CENTRAL DESERT",NT
"apparent errors","ADELAIDE AIRPORT","HOLDFAST BAY",SA
"apparent errors",ALFORD,"COPPER COAST",SA
"apparent errors",ALLANOOKA,MINGENEW,WA
"apparent errors","ANDAMOOKA STATION","ROXBY DOWNS",SA
"apparent errors",ANGASTON,"MID MURRAY",SA
"apparent errors",ANINDILYAKWA,"UN-INCORPORATED (ALYANGULA)",NT
"apparent errors",APOINGA,"CLARE AND GILBERT VALLEYS",SA
"apparent errors",AREEGRA,BULOKE,Vic
"apparent errors",ATHELSTONE,"ADELAIDE HILLS",SA
"apparent errors","ATHOL PARK","PORT ADELAIDE ENFIELD",SA
"apparent errors",AURUKUN,COOK,Qld
"apparent errors","BAKARA WELL","KAROONDA EAST MURRAY",SA
"apparent errors",BALHANNAH,"MOUNT BARKER",SA
"apparent errors",BANGO,"UPPER LACHLAN SHIRE",NSW
"apparent errors","BARINGHUP WEST","CENTRAL GOLDFIELDS",Vic
"apparent errors",BARNA,PUA,SA
"apparent errors","BARUNAH PARK","COLAC OTWAY",Vic
"apparent errors","BARUNGA GAP","BARUNGA WEST",SA
"apparent errors",BAUDIN,NANNUP,WA
"apparent errors","BELALIE EAST",GOYDER,SA
"apparent errors","BELALIE NORTH",PETERBOROUGH,SA
"apparent errors",BETHEL,"CLARE AND GILBERT VALLEYS",SA
"apparent errors","BEULAH PARK","NORWOOD PAYNEHAM AND ST PETERS",SA
"apparent errors",BILLIATT,"SOUTHERN MALLEE",SA
"apparent errors",BINDOON,GINGIN,WA
"apparent errors",BIRDUM,"VICTORIA DALY",NT
"apparent errors",BIRRIWA,WARRUMBUNGLE,NSW
"apparent errors",BISHOPSBOURNE,"MEANDER VALLEY",Tas
"apparent errors",BLACKMORE,UN-INCORPORATED,NT
"apparent errors",BLAKEVIEW,GAWLER,SA
"apparent errors",BLANCHETOWN,"LOXTON WAIKERIE",SA
"apparent errors",BOCKELBERG,WUDINNA,SA
"apparent errors",BOHO,BENALLA,Vic
"apparent errors",BONEGILLA,INDIGO,Vic
"apparent errors",BOODAROCKIN,YILGARN,WA
"apparent errors",BOOKPURNONG,"RENMARK PARINGA",SA
"apparent errors","BOOLEROO CENTRE","NORTHERN AREAS",SA
"apparent errors",BOONERDO,ELLISTON,SA
"apparent errors","BOORS PLAIN","YORKE PENINSULA",SA
"apparent errors",BOWELLING,COLLIE,WA
"apparent errors",BOYERINE,WAGIN,WA
"apparent errors",BRINKLEY,ALEXANDRINA,SA
"apparent errors",BRINKWORTH,"NORTHERN AREAS",SA
"apparent errors","BROWN HILL CREEK",BURNSIDE,SA
"apparent errors",BRUCKNELL,MOYNE,Vic
"apparent errors",BRUKUNGA,"ADELAIDE HILLS",SA
"apparent errors","BUCKLAND PARK",MALLALA,SA
"apparent errors","BUFFALO CREEK",LITCHFIELD,NT
"apparent errors","BUGLE RANGES",ALEXANDRINA,SA
"apparent errors","BULLA CREEK",WEDDIN,NSW
"apparent errors",BULLENGAROOK,MOORABOOL,Vic
"apparent errors","BUNGEET WEST",MOIRA,Vic
"apparent errors",BUNGEROO,KIMBA,SA
"apparent errors",BUNYUNG,"MID MURRAY",SA
"apparent errors","CABBAGE TREE",BALLARAT,Vic
"apparent errors",CADELL,"LOXTON WAIKERIE",SA
"apparent errors",CALIPH,"KAROONDA EAST MURRAY",SA
"apparent errors","CALLIGNEE NORTH",LATROBE,Vic
"apparent errors",CALOMBA,WAKEFIELD,SA
"apparent errors","CALTOWIE WEST","MOUNT REMARKABLE",SA
"apparent errors","CAMDEN PARK",MARION,SA
"apparent errors",CAMENA,"BURNIE CITY",Tas
"apparent errors",CANOWIE,"NORTHERN AREAS",SA
"apparent errors",CHAFFEY,"UIA RIVERLAND",SA
"apparent errors","CHAPMAN BORE","KAROONDA EAST MURRAY",SA
"apparent errors",CHARRA,PUA,SA
"apparent errors","CHERRY GARDENS","ADELAIDE HILLS",SA
"apparent errors","CLARENCE GARDENS",MARION,SA
"apparent errors","CLARENCE PARK",MITCHAM,SA
"apparent errors",CLAYPANS,"KAROONDA EAST MURRAY",SA
"apparent errors",CLEVE,"FRANKLIN HARBOUR",SA
"apparent errors",CLONBINANE,MURRINDINDI,Vic
"apparent errors",COBBANNAH,WELLINGTON,Vic
"apparent errors",COCATA,ELLISTON,SA
"apparent errors",COLES,"WATTLE RANGE",SA
"apparent errors","COLLETT CREEK",UN-INCORPORATED,NT
"apparent errors",COLLEY,ELLISTON,SA
"apparent errors",COLLINSWOOD,WALKERVILLE,SA
"apparent errors",COMPTON,"MOUNT GAMBIER",SA
"apparent errors",CONCORDIA,GAWLER,SA
"apparent errors",CONDAH,MOYNE,Vic
"apparent errors",CONMURRA,ROBE,SA
"apparent errors",COOLTONG,PUA,SA
"apparent errors",COOMBE,TATIARA,SA
"apparent errors",COONALPYN,"SOUTHERN MALLEE",SA
"apparent errors",COOTRA,WUDINNA,SA
"apparent errors",COOYERDOO,KIMBA,SA
"apparent errors",COSTELLO,"CENTRAL DESERT",NT
"apparent errors",COWELL,CLEVE,SA
"apparent errors","COX PENINSULA",WAGAIT,NT
"apparent errors",CRABTREE,"DERWENT VALLEY",Tas
"apparent errors",CRESWELL,"ROPER GULF",NT
"apparent errors",CUBBINE,CUNDERDIN,WA
"apparent errors",CUNLIFFE,"YORKE PENINSULA",SA
"apparent errors",CUPRONA,"BURNIE CITY",Tas
"apparent errors",DAJARRA,BOULIA,Qld
"apparent errors","DARKE PEAK",KIMBA,SA
"apparent errors","DARWIN RIVER DAM",LITCHFIELD,NT
"apparent errors","DARWIN RIVER",COOMALIE,NT
"apparent errors",DEDDINGTON,"LAUNCESTON CITY",Tas
"apparent errors","DE ROSE HILL",APY,SA
"apparent errors",DIREK,PLAYFORD,SA
"apparent errors","DISMAL SWAMP","WATTLE RANGE",SA
"apparent errors","DOVER GARDENS","HOLDFAST BAY",SA
"apparent errors",DRUMMARTIN,CAMPASPE,Vic
"apparent errors","DUCK PONDS","PORT LINCOLN",SA
"apparent errors",DUNORLAN,KENTISH,Tas
"apparent errors","DUTTON EAST",GOYDER,SA
"apparent errors","EAST CHAPMAN","CHAPMAN VALLEY",WA
"apparent errors","EAST MOONTA","YORKE PENINSULA",SA
"apparent errors",EDGECOMBE,"MOUNT ALEXANDER",Vic
"apparent errors",EDILLILIE,"TUMBY BAY",SA
"apparent errors","EDI UPPER",ALPINE,Vic
"apparent errors","ELERMORE VALE","LAKE MACQUARIE",NSW
"apparent errors","ELIZABETH SOUTH",SALISBURY,SA
"apparent errors","ELIZABETH TOWN",KENTISH,Tas
"apparent errors",ERRIBA,"CENTRAL COAST",Tas
"apparent errors",ETHELTON,"CHARLES STURT",SA
"apparent errors",EVANSTON,LIGHT,SA
"apparent errors",FELIXSTOW,CAMPBELLTOWN,SA
"apparent errors",FISCHER,LIGHT,SA
"apparent errors","FLAXMAN VALLEY","MID MURRAY",SA
"apparent errors",FLORINA,"VICTORIA DALY",NT
"apparent errors","FLY CREEK",COOMALIE,NT
"apparent errors",FORRESTON,BAROSSA,SA
"apparent errors",FORTHSIDE,"CENTRAL COAST",Tas
"apparent errors",FRANKLYN,PETERBOROUGH,SA
"apparent errors",FREWVILLE,UNLEY,SA
"apparent errors","GAWLER EAST",BAROSSA,SA
"apparent errors","GAWLER WEST",LIGHT,SA
"apparent errors",GEMBROOK,"BAW BAW",Vic
"apparent errors",GERANIUM,"THE COORONG",SA
"apparent errors","GERMAN CREEK","WATTLE RANGE",SA
"apparent errors","GHIN GHIN",MITCHELL,Vic
"apparent errors","GLENELG EAST",MARION,SA
"apparent errors",GLENLUCE,HEPBURN,Vic
"apparent errors",GLENORA,"CENTRAL HIGHLANDS",Tas
"apparent errors",GLENUNGA,UNLEY,SA
"apparent errors","GOLDEN GROVE","ADELAIDE HILLS",SA
"apparent errors",GOSCHEN,GANNAWARRA,Vic
"apparent errors",GREENWAYS,"NARACOORTE LUCINDALE",SA
"apparent errors",GREENWITH,PLAYFORD,SA
"apparent errors","GULUNG MARDRULK","WEST ARNHEM",NT
"apparent errors","GUM CREEK","CLARE AND GILBERT VALLEYS",SA
"apparent errors",HALE,"CENTRAL DESERT",NT
"apparent errors",HAMMOND,"FLINDERS RANGES",SA
"apparent errors",HAWKER,PUA,SA
"apparent errors","HAWKS NEST STATION","BERRI BARMERA",SA
"apparent errors",HEATHPOOL,BURNSIDE,SA
"apparent errors",HENRIETTA,"BURNIE CITY",Tas
"apparent errors","HIGHLAND VALLEY","MOUNT BARKER",SA
"apparent errors","HIGH WYCOMBE",SWAN,WA
"apparent errors",HILLTOWN,"NORTHERN AREAS",SA
"apparent errors","HINDMARSH TIERS",ALEXANDRINA,SA
"apparent errors","HINDMARSH VALLEY",ALEXANDRINA,SA
"apparent errors","HODDYS WELL",NORTHAM,WA
"apparent errors","HOPE GAP","PORT PIRIE",SA
"apparent errors",HOVE,MARION,SA
"apparent errors",HUGH,"ALICE SPRINGS",NT
"apparent errors",HUMEVALE,NILLUMBIK,Vic
"apparent errors","INDIGO VALLEY",WODONGA,Vic
"apparent errors",INKPEN,NORTHAM,WA
"apparent errors",IRLPME,MACDONNELL,NT
"apparent errors","JANE BROOK",MUNDARING,WA
"apparent errors",JEPARIT,YARRIAMBIACK,Vic
"apparent errors",JINDERA,ALBURY,NSW
"apparent errors",JOANNA,"WATTLE RANGE",SA
"apparent errors",JUDBURY,"DERWENT VALLEY",Tas
"apparent errors",KAKADU,"ROPER GULF",NT
"apparent errors",KALDOONERA,PUA,SA
"apparent errors",KALLISTA,CARDINIA,Vic
"apparent errors",KARKOO,ELLISTON,SA
"apparent errors",KARTE,"LOXTON WAIKERIE",SA
"apparent errors",KATARAPKO,PUA,SA
"apparent errors",KATRINE,TOODYAY,WA
"apparent errors",KEITH,"THE COORONG",SA
"apparent errors","KENSINGTON PARK","NORWOOD PAYNEHAM AND ST PETERS",SA
"apparent errors","KENT TOWN",BURNSIDE,SA
"apparent errors",KERGUNYAH,ALPINE,Vic
"apparent errors",KERSBROOK,PLAYFORD,SA
"apparent errors",KIANA,ELLISTON,SA
"apparent errors",KILKENNY,"PORT ADELAIDE ENFIELD",SA
"apparent errors",KINDRED,KENTISH,Tas
"apparent errors","KINGSTON ON MURRAY",PUA,SA
"apparent errors","KINGSTON PARK",MARION,SA
"apparent errors",KLEMZIG,WALKERVILLE,SA
"apparent errors",KOOLUNGA,WAKEFIELD,SA
"apparent errors",KOORINE,GRANT,SA
"apparent errors",KOOROONA,"YORKE PENINSULA",SA
"apparent errors",KOPPIO,"LOWER EYRE PENINSULA",SA
"apparent errors",KUNAT,GANNAWARRA,Vic
"apparent errors",KUNPARRKA,"CENTRAL DESERT",NT
"apparent errors","LADE VALE","YASS VALLEY",NSW
"apparent errors",LAFFER,"THE COORONG",SA
"apparent errors","LAKE VIEW","PORT PIRIE",SA
"apparent errors",LAMEROO,"KAROONDA EAST MURRAY",SA
"apparent errors","LANGHORNE CREEK","MURRAY BRIDGE",SA
"apparent errors","LANGWARRIN SOUTH","MORNINGTON PENINSULA",Vic
"apparent errors",LEWISTON,LIGHT,SA
"apparent errors","LITTLE SWANPORT","SOUTHERN MIDLANDS",Tas
"apparent errors",LOVEDAY,PUA,SA
"apparent errors",LOYETEA,"BURNIE CITY",Tas
"apparent errors","MAMBRAY CREEK","PORT AUGUSTA",SA
"apparent errors",MANNANARIE,PETERBOROUGH,SA
"apparent errors",MANNINGHAM,PROSPECT,SA
"apparent errors",MARAMA,"SOUTHERN MALLEE",SA
"apparent errors",MARAMIE,MAREEBA,Qld
"apparent errors",MARCOLLAT,TATIARA,SA
"apparent errors",MARINO,"HOLDFAST BAY",SA
"apparent errors",MARRABEL,LIGHT,SA
"apparent errors",MCALINDEN,DONNYBROOK-BALINGUP,WA
"apparent errors","MCBEAN POUND","LOXTON WAIKERIE",SA
"apparent errors",MEADOWBANK,"DERWENT VALLEY",Tas
"apparent errors",MEDINDIE,PROSPECT,SA
"apparent errors","MIDDLE POINT",UN-INCORPORATED,NT
"apparent errors","MIGA LAKE",HORSHAM,Vic
"apparent errors",MILTALIE,CLEVE,SA
"apparent errors","MINBURRA PLAIN",PETERBOROUGH,SA
"apparent errors","MINCHA WEST",LODDON,Vic
"apparent errors",MINYIP,BULOKE,Vic
"apparent errors",MIRANDA,"MOUNT REMARKABLE",SA
"apparent errors",MOBRUP,"BOYUP BROOK",WA
"apparent errors",MOCULTA,"MID MURRAY",SA
"apparent errors","MODBURY HEIGHTS",SALISBURY,SA
"apparent errors","MODBURY NORTH",SALISBURY,SA
"apparent errors",MONTEITH,"THE COORONG",SA
"apparent errors","MOONTA MINES","YORKE PENINSULA",SA
"apparent errors",MOORAK,"MOUNT GAMBIER",SA
"apparent errors",MOORLANDS,"KAROONDA EAST MURRAY",SA
"apparent errors","MOUNT BARKER JUNCTION","ADELAIDE HILLS",SA
"apparent errors","MOUNT CHARLES","THE COORONG",SA
"apparent errors","MOUNT HOLLAND",KONDININ,WA
"apparent errors","MOUNT MADDEN",RAVENSTHORPE,WA
"apparent errors",MUNDALLIO,"FLINDERS RANGES",SA
"apparent errors",MUNDARING,KALAMUNDA,WA
"apparent errors",MUNDARLO,"WAGGA WAGGA",NSW
"apparent errors",MUNGLINUP,ESPERANCE,WA
"apparent errors","MUNNO PARA DOWNS",GAWLER,SA
"apparent errors",MURDINGA,CLEVE,SA
"apparent errors",MURDOCH,COCKBURN,WA
"apparent errors",MURLONG,ELLISTON,SA
"apparent errors",MURTHO,"UIA RIVERLAND",SA
"apparent errors",MYPOLONGA,"MID MURRAY",SA
"apparent errors",NANGETTY,"GREATER GERALDTON",WA
"apparent errors",NANGWARRY,GRANT,SA
"apparent errors",NARLABY,"STREAKY BAY",SA
"apparent errors",NARRIDY,"PORT PIRIE",SA
"apparent errors","NECTAR BROOK","PORT AUGUSTA",SA
"apparent errors",NEIKA,"HOBART CITY",Tas
"apparent errors",NELSHABY,"MOUNT REMARKABLE",SA
"apparent errors","NEW PORT","CHARLES STURT",SA
"apparent errors",NGAPALA,"CLARE AND GILBERT VALLEYS",SA
"apparent errors",NILDOTTIE,"KAROONDA EAST MURRAY",SA
"apparent errors",NINDA,YARRIAMBIACK,Vic
"apparent errors","NIRRANDA SOUTH",CORANGAMITE,Vic
"apparent errors","NORTH BRIGHTON",MARION,SA
"apparent errors","NOTTS WELL","MID MURRAY",SA
"apparent errors",NUMBURINDI,"EAST ARNHEM",NT
"apparent errors","OLD BEACH","CLARENCE CITY",Tas
"apparent errors","OLD CALPERUM","BERRI BARMERA",SA
"apparent errors","OLD REYNELLA",MARION,SA
"apparent errors",PADTHAWAY,"NARACOORTE LUCINDALE",SA
"apparent errors",PAISLEY,"MID MURRAY",SA
"apparent errors",PALKAGEE,WUDINNA,SA
"apparent errors",PALLAMANA,"MID MURRAY",SA
"apparent errors","PARA VISTA","TEA TREE GULLY",SA
"apparent errors",PARINGA,"UIA RIVERLAND",SA
"apparent errors",PARNAROO,GOYDER,SA
"apparent errors",PARRAKIE,"KAROONDA EAST MURRAY",SA
"apparent errors",PATERSONIA,DORSET,Tas
"apparent errors","PAULLS VALLEY",MUNDARING,WA
"apparent errors",PENNINGTON,"PORT ADELAIDE ENFIELD",SA
"apparent errors",PETHERICK,KINGSTON,SA
"apparent errors",PETINA,CEDUNA,SA
"apparent errors",PETWOOD,ALEXANDRINA,SA
"apparent errors","PICTON EAST",BUNBURY,WA
"apparent errors","PIKE RIVER","LOXTON WAIKERIE",SA
"apparent errors",PINERY,MALLALA,SA
"apparent errors","PINKERTON PLAINS",MALLALA,SA
"apparent errors",PLYMPTON,MARION,SA
"apparent errors",POMPOOTA,"MURRAY BRIDGE",SA
"apparent errors",POOCHERA,WUDINNA,SA
"apparent errors","PORT ELLIOT","VICTOR HARBOR",SA
"apparent errors","PORT HUGHES","YORKE PENINSULA",SA
"apparent errors","PORT WAKEFIELD","YORKE PENINSULA",SA
"apparent errors",PYGERY,PUA,SA
"apparent errors",RAKULA,COOMALIE,NT
"apparent errors",RENMARK,"UIA RIVERLAND",SA
"apparent errors",RIANA,"BURNIE CITY",Tas
"apparent errors",RIDGEWAY,KINGBOROUGH,Tas
"apparent errors",RIVERSTONE,HAWKESBURY,NSW
"apparent errors","ROBIN FALLS",UN-INCORPORATED,NT
"apparent errors",ROELANDS,DARDANUP,WA
"apparent errors",ROSEWATER,"CHARLES STURT",SA
"apparent errors","ROXBY DOWNS STATION","ROXBY DOWNS",SA
"apparent errors","ROYAL PARK","PORT ADELAIDE ENFIELD",SA
"apparent errors","SALT CREEK",KINGSTON,SA
"apparent errors","SAMPSON FLAT","ADELAIDE HILLS",SA
"apparent errors",SANDALWOOD,"LOXTON WAIKERIE",SA
"apparent errors",SCARSDALE,PYRENEES,Vic
"apparent errors","SCHELL WELL","KAROONDA EAST MURRAY",SA
"apparent errors","SEPARATION CREEK","SURF COAST",Vic
"apparent errors",SHERINGA,"LOWER EYRE PENINSULA",SA
"apparent errors",SHORT,"NARACOORTE LUCINDALE",SA
"apparent errors",SOLOMON,CLEVE,SA
"apparent errors","SOMERTON PARK",MARION,SA
"apparent errors","SOUTH BRIGHTON",MARION,SA
"apparent errors","SOUTHERN BROOK",GOOMALLING,WA
"apparent errors","SOUTH RIANA","BURNIE CITY",Tas
"apparent errors","SOUTH SPREYTON",LATROBE,Tas
"apparent errors",SPRENT,KENTISH,Tas
"apparent errors",STEPHENSTON,"MOUNT REMARKABLE",SA
"apparent errors",STONEHAVEN,"GREATER GEELONG",Vic
"apparent errors",STRUAN,"WATTLE RANGE",SA
"apparent errors",SUMMERHILL,"MEANDER VALLEY",Tas
"apparent errors",SUNLANDS,"MID MURRAY",SA
"apparent errors",SUNNYBRAE,GOYDER,SA
"apparent errors","TAILEM BEND","MURRAY BRIDGE",SA
"apparent errors",TALLAROOK,MURRINDINDI,Vic
"apparent errors","TANAMI EAST","CENTRAL DESERT",NT
"apparent errors",TARLEE,LIGHT,SA
"apparent errors",TAROOM,"WESTERN DOWNS",Qld
"apparent errors",TARPEENA,"WATTLE RANGE",SA
"apparent errors","TELOPEA DOWNS",HINDMARSH,Vic
"apparent errors",TELOWIE,"PORT PIRIE",SA
"apparent errors",TEROWIE,PETERBOROUGH,SA
"apparent errors",THORNGATE,WALKERVILLE,SA
"apparent errors",THROSSELL,YORK,WA
"apparent errors",TINTINARA,"SOUTHERN MALLEE",SA
"apparent errors",TOOBORAC,"MACEDON RANGES",Vic
"apparent errors",TOOLIGIE,"LOWER EYRE PENINSULA",SA
"apparent errors",TOOMBON,WELLINGTON,Vic
"apparent errors","TOORAK GARDENS","NORWOOD PAYNEHAM AND ST PETERS",SA
"apparent errors","TOTHILL BELT",GOYDER,SA
"apparent errors","TOTHILL CREEK",GOYDER,SA
"apparent errors","TRAVELLERS REST","NORTHERN MIDLANDS",Tas
"apparent errors","TROTT PARK",ONKAPARINGA,SA
"apparent errors","TUMBY BAY","LOWER EYRE PENINSULA",SA
"apparent errors","TURRIFF EAST",YARRIAMBIACK,Vic
"apparent errors",ULYERRA,WUDINNA,SA
"apparent errors",UMAGICO,TORRES,Qld
"apparent errors","UNLEY PARK",MITCHAM,SA
"apparent errors",UNO,KIMBA,SA
"apparent errors","VALE PARK","PORT ADELAIDE ENFIELD",SA
"apparent errors",WALLABADAH,"TAMWORTH REGIONAL",NSW
barely,ALVIE,CORANGAMITE,Vic
barely,ARUMBERA,MACDONNELL,NT
barely,"BALD HILLS",HEPBURN,Vic
barely,BALMAIN,"UNINCORPORATED (Sydney)",NSW
barely,"BALWYN NORTH",WHITEHORSE,Vic
barely,BARANGAROO,"UNINCORPORATED (Sydney)",NSW
barely,BARBERTON,DANDARAGAN,WA
barely,BARNAWARTHA,WODONGA,Vic
barely,BAYNTON,MITCHELL,Vic
barely,BEECHBORO,BAYSWATER,WA
barely,BIRCHGROVE,"UNINCORPORATED (Sydney)",NSW
barely,"BLACKSTONE HEIGHTS","WEST TAMAR",Tas
barely,BOSTON,"PORT LINCOLN",SA
barely,BRIDPORT,"LAUNCESTON CITY",Tas
barely,CALLIGNEE,WELLINGTON,Vic
barely,"CITY BEACH",STIRLING,WA
barely,"COBURG NORTH",DAREBIN,Vic
barely,CONNELLAN,MACDONNELL,NT
barely,COOLBINIA,VINCENT,WA
barely,CURRABUBULA,"TAMWORTH REGIONAL",NSW
barely,DAGLISH,CAMBRIDGE,WA
barely,"DAWES POINT","UNINCORPORATED (Sydney)",NSW
barely,"DENHAM COURT",CAMDEN,NSW
barely,"DEVON PARK",PROSPECT,SA
barely,DIANELLA,BAYSWATER,WA
barely,DOUGLAS,HORSHAM,Vic
barely,DREEITE,CORANGAMITE,Vic
barely,"DREEITE SOUTH",CORANGAMITE,Vic
barely,DUNKELD,ARARAT,Vic
barely,EASTWOOD,UNLEY,SA
barely,EDINBURGH,PLAYFORD,SA
barely,ELTHAM,BANYULE,Vic
barely,EMEROO,"PORT AUGUSTA",SA
barely,ENFIELD,PROSPECT,SA
barely,FAIRFIELD,HOLROYD,NSW
barely,GAROO,"LIVERPOOL PLAINS",NSW
barely,"GERMAN FLAT",GRANT,SA
barely,"GOULDS COUNTRY",DORSET,Tas
barely,"HENLEY BEACH SOUTH","WEST TORRENS",SA
barely,HEWETT,LIGHT,SA
barely,HILBERT,SERPENTINE-JARRAHDALE,WA
barely,"HOLLANDS LANDING","EAST GIPPSLAND",Vic
barely,HOMERTON,MOYNE,Vic
barely,INVERMAY,HEPBURN,Vic
barely,"KESWICK TERMINAL",ADELAIDE,SA
barely,"KNUCKEY LAGOON",DARWIN,NT
barely,"KNUCKEY LAGOON","DARWIN RATES ACT",NT
barely,KONDOOLKA,"STREAKY BAY",SA
barely,LONSDALE,MARION,SA
barely,"MILE END",ADELAIDE,SA
barely,MORLEY,SWAN,WA
barely,"MOUNT OSMOND",MITCHAM,SA
barely,MULGUNDAWA,ALEXANDRINA,SA
barely,"NARRE WARREN EAST",CARDINIA,Vic
barely,"NAVAL BASE",COCKBURN,WA
barely,"NORTH MELBOURNE","MOONEE VALLEY",Vic
barely,NYORA,"BAW BAW",Vic
barely,"ONE TREE HILL","TEA TREE GULLY",SA
barely,"PORT STEPHENS","GREAT LAKES",NSW
barely,PROSPECT,HOLROYD,NSW
barely,PROSPECT,"PORT ADELAIDE ENFIELD",SA
barely,"RENOWN PARK",PROSPECT,SA
barely,ROSEDALE,BUNDABERG,Qld
barely,SANDON,HEPBURN,Vic
barely,SCARBOROUGH,CAMBRIDGE,WA
barely,"SEVEN HILLS",PARRAMATTA,NSW
barely,SIMPSON,"COLAC OTWAY",Vic
barely,SYDNEY,"UNINCORPORATED (Sydney)",NSW
barely,"WATERFALL GULLY","ADELAIDE HILLS",SA
barely,WELDBOROUGH,DORSET,Tas
barely,WILLARE,BROOME,WA
barely,"WOOL WOOL",CORANGAMITE,Vic
"cross state",COTTONVALE,TENTERFIELD,NSW
"cross state",HUNGERFORD,BOURKE,NSW
"cross state",HUNGERFORD,BULLOO,Qld
"cross state",JERRABOMBERRA,ACT,ACT
"cross state","JERVIS BAY",SHOALHAVEN,NSW
"cross state",MINGOOLA,TENTERFIELD,NSW
"cross state",MUNGINDI,BALONNE,Qld
"cross state",MUNGINDI,GOONDIWINDI,Qld
"cross state",NICHOLSON,BURKE,Qld
"cross state",SPEEWA,"SWAN HILL",Vic
"cross state",TANAMI,"HALLS CREEK",WA
"cross state",TEXAS,INVERELL,NSW
"maybe errors","ACACIA HILLS",COOMALIE,NT
"maybe errors","ACACIA HILLS","DEVONPORT CITY",Tas
"maybe errors","ACACIA HILLS",LATROBE,Tas
"maybe errors","ALBERT PARK","PORT ADELAIDE ENFIELD",SA
"maybe errors",ANATYE,BARKLY,NT
"maybe errors",ANATYE,MACDONNELL,NT
"maybe errors",ARNOLD,BARKLY,NT
"maybe errors",ASHFORD,UNLEY,SA
"maybe errors",BEAUFORT,"BARUNGA WEST",SA
"maybe errors","BEN LOMOND","LAUNCESTON CITY",Tas
"maybe errors",BEVERIDGE,HUME,Vic
"maybe errors",BIRDWOOD,BAROSSA,SA
"maybe errors","BLACK SPRINGS",GOYDER,SA
"maybe errors",BOWHILL,"MURRAY BRIDGE",SA
"maybe errors",BRAY,"NARACOORTE LUCINDALE",SA
"maybe errors",BREADALBANE,"LAUNCESTON CITY",Tas
"maybe errors",BUCKLAND,"SOUTHERN MIDLANDS",Tas
"maybe errors",BUNBURY,TATIARA,SA
"maybe errors",BUNGAREE,WAKEFIELD,SA
"maybe errors",BURTON,PLAYFORD,SA
"maybe errors",CALLINGTON,ALEXANDRINA,SA
"maybe errors",CAMPBELLTOWN,"NORWOOD PAYNEHAM AND ST PETERS",SA
"maybe errors",CARRICK,"NORTHERN MIDLANDS",Tas
"maybe errors","CHAPEL HILL","ADELAIDE HILLS",SA
"maybe errors",CHARLOTTE,COOMALIE,NT
"maybe errors",CHARLOTTE,LITCHFIELD,NT
"maybe errors",CHELTENHAM,"PORT ADELAIDE ENFIELD",SA
"maybe errors","CLAY WELLS","NARACOORTE LUCINDALE",SA
"maybe errors","CROYDON PARK","CHARLES STURT",SA
"maybe errors","CRYSTAL BROOK","NORTHERN AREAS",SA
"maybe errors",DARLINGTON,MITCHAM,SA
"maybe errors",DEEPWATER,KINGSTON,SA
"maybe errors",DELAMERE,KATHERINE,NT
"maybe errors",DELAMERE,"ROPER GULF",NT
"maybe errors",DIMBOOLA,HORSHAM,Vic
"maybe errors",DONNYBROOK,MITCHELL,Vic
"maybe errors","DRUMMOND NORTH","MACEDON RANGES",Vic
"maybe errors","DUDLEY PARK",PROSPECT,SA
"maybe errors",DYSART,"CENTRAL HIGHLANDS",Tas
"maybe errors","EAST ARNHEM","ROPER GULF",NT
"maybe errors",EBENEZER,BAROSSA,SA
"maybe errors",EDITH,"ROPER GULF",NT
"maybe errors",EILDON,"YARRA RANGES",Vic
"maybe errors",ELLIOTT,"BURNIE CITY",Tas
"maybe errors",ETTRICK,"KAROONDA EAST MURRAY",SA
"maybe errors",FITZROY,"CHARLES STURT",SA
"maybe errors",FLYNN,MACDONNELL,NT
"maybe errors","FOUR MILE CREEK",BLAYNEY,NSW
"maybe errors",FOX,ROBE,SA
"maybe errors",FOX,"WATTLE RANGE",SA
"maybe errors","GAWLER RANGES","STREAKY BAY",SA
"maybe errors",GLANDORE,UNLEY,SA
"maybe errors",GLENCOE,GRANT,SA
"maybe errors",GLENORCHY,HORSHAM,Vic
"maybe errors","GLEN OSMOND",MITCHAM,SA
"maybe errors","GLEN OSMOND",UNLEY,SA
"maybe errors",GORDON,"HUON VALLEY",Tas
"maybe errors",GREENHILL,BURNSIDE,SA
"maybe errors",GURINDJI,BARKLY,NT
"maybe errors","GURRA GURRA","BERRI BARMERA",SA
"maybe errors","GURRA GURRA","LOXTON WAIKERIE",SA
"maybe errors",HAMILTON,"CLARE AND GILBERT VALLEYS",SA
"maybe errors",HAMILTON,GOYDER,SA
"maybe errors","HAPPY VALLEY",MARION,SA
"maybe errors",HARDY,GOYDER,SA
"maybe errors",HARDY,PUA,SA
"maybe errors",HARROGATE,"ADELAIDE HILLS",SA
"maybe errors",HARROGATE,"MURRAY BRIDGE",SA
"maybe errors",HART,BARKLY,NT
"maybe errors",HARTLEY,"MURRAY BRIDGE",SA
"maybe errors",HENDON,"PORT ADELAIDE ENFIELD",SA
"maybe errors","HILL RIVER",GOYDER,SA
"maybe errors",KENMARE,YARRIAMBIACK,Vic
"maybe errors",KENSINGTON,BURNSIDE,SA
"maybe errors","KESWICK TERMINAL",UNLEY,SA
"maybe errors","KINGLAKE WEST",MITCHELL,Vic
"maybe errors","KINGS PARK",MITCHAM,SA
"maybe errors",KINGSWOOD,UNLEY,SA
"maybe errors",LARAPINTA,MACDONNELL,NT
"maybe errors","LEAWOOD GARDENS","ADELAIDE HILLS",SA
"maybe errors",LOCHIEL,"BARUNGA WEST",SA
"maybe errors",MAGILL,"ADELAIDE HILLS",SA
"maybe errors",MANBULLOO,"ROPER GULF",NT
"maybe errors",MANBULLOO,"VICTORIA DALY",NT
"maybe errors",MANGALO,"FRANKLIN HARBOUR",SA
"maybe errors",MANGALO,KIMBA,SA
"maybe errors","MARGARET RIVER",COOMALIE,NT
"maybe errors","MARGARET RIVER","VICTORIA DALY",NT
"maybe errors",MARYSVILLE,"YARRA RANGES",Vic
"maybe errors",MATLOCK,"BAW BAW",Vic
"maybe errors",MAUDE,GOYDER,SA
"maybe errors","MELROSE PARK",MARION,SA
"maybe errors",MELTON,"YORKE PENINSULA",SA
"maybe errors","MIDDLEBACK RANGE","FRANKLIN HARBOUR",SA
"maybe errors",MIDGEE,PUA,SA
"maybe errors",MIDGEE,WHYALLA,SA
"maybe errors",MILLOO,"GREATER BENDIGO",Vic
"maybe errors",MINNIPA,PUA,SA
"maybe errors",MINNIPA,"STREAKY BAY",SA
"maybe errors",MITCHELL,ELLISTON,SA
"maybe errors",MORLEY,STIRLING,WA
"maybe errors","MOUNT BUNDEY","VICTORIA DALY",NT
"maybe errors","MOUNT BUNDEY","WEST ARNHEM",NT
"maybe errors","MOUNT COMPASS","VICTOR HARBOR",SA
"maybe errors","MOUNT PLEASANT","ADELAIDE HILLS",SA
"maybe errors",MURCHISON,CAMPASPE,Vic
"maybe errors","MURRA WARRA",HINDMARSH,Vic
"maybe errors",MYPONGA,ALEXANDRINA,SA
"maybe errors",MYPONGA,"VICTOR HARBOR",SA
"maybe errors",NARBETHONG,"YARRA RANGES",Vic
"maybe errors",NATURI,"KAROONDA EAST MURRAY",SA
"maybe errors",NETHERBY,UNLEY,SA
"maybe errors",NITMILUK,KATHERINE,NT
"maybe errors",NITMILUK,"VICTORIA DALY",NT
"maybe errors",NITMILUK,"WEST ARNHEM",NT
"maybe errors",NORWOOD,BURNSIDE,SA
"maybe errors","PAGES FLAT",ONKAPARINGA,SA
"maybe errors",PARADISE,"MEANDER VALLEY",Tas
"maybe errors",PASKEVILLE,"YORKE PENINSULA",SA
"maybe errors","PINE CREEK",PETERBOROUGH,SA
"maybe errors","PINE CREEK",PUA,SA
"maybe errors",PINELANDS,"DARWIN RATES ACT",NT
"maybe errors",PINELANDS,LITCHFIELD,NT
"maybe errors","PORT ADELAIDE","CHARLES STURT",SA
"maybe errors","PORT ARTHUR","BARUNGA WEST",SA
"maybe errors","PORT ARTHUR",WAKEFIELD,SA
"maybe errors","REEDY CREEK","NARACOORTE LUCINDALE",SA
"maybe errors","RENOWN PARK","PORT ADELAIDE ENFIELD",SA
"maybe errors",RICHMOND,SORELL,Tas
"maybe errors",RIVERTON,LIGHT,SA
"maybe errors",SALISBURY,PLAYFORD,SA
"maybe errors",SALTIA,PUA,SA
"maybe errors",SASSAFRAS,KENTISH,Tas
"maybe errors","SECRET ROCKS","FRANKLIN HARBOUR",SA
"maybe errors","SECRET ROCKS",KIMBA,SA
"maybe errors",SHERLOCK,"KAROONDA EAST MURRAY",SA
"maybe errors",SHERWOOD,"THE COORONG",SA
"maybe errors",SIMPSON,"CENTRAL DESERT",NT
"maybe errors",SOMERSET,"BURNIE CITY",Tas
"maybe errors","SPRING GULLY",WAKEFIELD,SA
"maybe errors",STANLEY,ALPINE,Vic
"maybe errors",STURT,ONKAPARINGA,SA
"maybe errors","STURT PLATEAU",KATHERINE,NT
"maybe errors","STURT PLATEAU","VICTORIA DALY",NT
"maybe errors","SWAN REACH","KAROONDA EAST MURRAY",SA
"maybe errors","SWAN REACH","LOXTON WAIKERIE",SA
"maybe errors",TANAMI,BARKLY,NT
"maybe errors",TANAMI,"VICTORIA DALY",NT
"maybe errors",TARNMA,GOYDER,SA
"maybe errors",TARNMA,LIGHT,SA
"maybe errors","TILLEY SWAMP",TATIARA,SA
"maybe errors","TILLEY SWAMP","THE COORONG",SA
"maybe errors",TIPPERARY,COOMALIE,NT
"maybe errors",TIPPERARY,UN-INCORPORATED,NT
"maybe errors",TIPPERARY,"WEST DALY",NT
"maybe errors",TUNGKILLO,"MOUNT BARKER",SA
"maybe errors",TUNGKILLO,"MURRAY BRIDGE",SA
"maybe errors",URRBRAE,BURNSIDE,SA
"maybe errors",URRBRAE,UNLEY,SA
"maybe errors",VERRAN,"TUMBY BAY",SA
"maybe errors","VICTORIA RIVER",BARKLY,NT
"maybe errors","VICTORIA RIVER","ROPER GULF",NT
"maybe errors",WABONGA,MANSFIELD,Vic
"maybe errors","WAGAIT BEACH",UN-INCORPORATED,NT
"maybe errors",WAIL,HINDMARSH,Vic
"maybe errors",WAITCHIE,BULOKE,Vic
"maybe errors",WALKERVILLE,PROSPECT,SA
"maybe errors","WALLAROO PLAIN","BARUNGA WEST",SA
"maybe errors",WALLUP,HINDMARSH,Vic
"maybe errors","WAMI KATA",PUA,SA
"maybe errors",WANBI,"LOXTON WAIKERIE",SA
"maybe errors","WANDEARAH EAST","BARUNGA WEST",SA
"maybe errors","WANDO VALE","SOUTHERN GRAMPIANS",Vic
"maybe errors",WANDSWORTH,INVERELL,NSW
"maybe errors",WANGOLINA,ROBE,SA
"maybe errors","WARD BELT",MALLALA,SA
"maybe errors",WAREEK,PYRENEES,Vic
"maybe errors",WARNERTOWN,"NORTHERN AREAS",SA
"maybe errors",WARNES,GOYDER,SA
"maybe errors",WARNES,"MID MURRAY",SA
"maybe errors",WARNES,PETERBOROUGH,SA
"maybe errors",WAROONEE,PETERBOROUGH,SA
"maybe errors",WARRADALE,"HOLDFAST BAY",SA
"maybe errors",WARRAMBOO,ELLISTON,SA
"maybe errors",WARRAWIDGEE,GRIFFITH,NSW
"maybe errors",WARRENHEIP,MOORABOOL,Vic
"maybe errors",WARRNAMBOOL,MOYNE,Vic
"maybe errors",WARRUMBUNGLE,GILGANDRA,NSW
"maybe errors",WARTOOK,"NORTHERN GRAMPIANS",Vic
"maybe errors","WATCHEM WEST",YARRIAMBIACK,Vic
"maybe errors",WATERBANK,"DERBY-WEST KIMBERLEY",WA
"maybe errors","WATERLOO CORNER",PLAYFORD,SA
"maybe errors",WATERLOO,GOYDER,SA
"maybe errors",WATRABA,PUA,SA
"maybe errors","WATTLE CREEK",PYRENEES,Vic
"maybe errors",WAVERLEY,CLONCURRY,Qld
"maybe errors",WEAN,GUNNEDAH,NSW
"maybe errors",WEDGECARRUP,WOODANILLING,WA
"maybe errors",WEEGENA,KENTISH,Tas
"maybe errors","WEEROONA ISLAND","PORT PIRIE",SA
"maybe errors",WELLINGROVE,INVERELL,NSW
"maybe errors","WELLINGTON EAST","MURRAY BRIDGE",SA
"maybe errors","WELLINGTON FOREST",HARVEY,WA
"maybe errors","WEMBLEY DOWNS",CAMBRIDGE,WA
"maybe errors",WEMBLEY,STIRLING,WA
"maybe errors",WENTWORTHVILLE,PARRAMATTA,NSW
"maybe errors",WEPAR,"WATTLE RANGE",SA
"maybe errors",WERNETH,CORANGAMITE,Vic
"maybe errors",WERONA,HEPBURN,Vic
"maybe errors","WERRIS CREEK",GUNNEDAH,NSW
"maybe errors","WEST ARNHEM","ROPER GULF",NT
"maybe errors","WEST CASUARINAS",MINGENEW,WA
"maybe errors","WEST CROYDON","PORT ADELAIDE ENFIELD",SA
"maybe errors","WESTERN FLAT","NARACOORTE LUCINDALE",SA
"maybe errors","WEST LAKES","PORT ADELAIDE ENFIELD",SA
"maybe errors","WESTONS FLAT","MID MURRAY",SA
"maybe errors","WEST PINE","BURNIE CITY",Tas
"maybe errors","WEST PINGELLY",WANDERING,WA
"maybe errors",WHARMINDA,"TUMBY BAY",SA
"maybe errors","WHITES RIVER","TUMBY BAY",SA
"maybe errors","WHITE WELL CORNER",PUA,SA
"maybe errors",WICKHAM,"DARWIN RATES ACT",NT
"maybe errors",WICKHAM,"UN-INCORPORATED (ELRUNDIE)",NT
"maybe errors","WIGLEY FLAT",PUA,SA
"maybe errors",WILLALO,"NORTHERN AREAS",SA
"maybe errors",WILLENABRINA,HINDMARSH,Vic
"maybe errors",WILLIAMS,BODDINGTON,WA
"maybe errors","WILLOW CREEK","VICTOR HARBOR",SA
"maybe errors",WILLUNGA,ALEXANDRINA,SA
"maybe errors","WINDSOR GARDENS","TEA TREE GULLY",SA
"maybe errors",WINNELLIE,"DARWIN RATES ACT",NT
"maybe errors",WIRRULLA,CEDUNA,SA
"maybe errors",WISTOW,ALEXANDRINA,SA
"maybe errors",WONNANGATTA,WELLINGTON,Vic
"maybe errors","WOODS POINT","THE COORONG",SA
"maybe errors","WOODVILLE NORTH","PORT ADELAIDE ENFIELD",SA
"maybe errors",WOOLSHEDS,MALLALA,SA
"maybe errors",WOOLUMBOOL,KINGSTON,SA
"maybe errors",WOOLUMBOOL,TATIARA,SA
"maybe errors",WOOTTATING,MUNDARING,WA
"maybe errors",WRATTONBULLY,"WATTLE RANGE",SA
"maybe errors",WUDINNA,PUA,SA
"maybe errors",WUNDOWIE,MUNDARING,WA
"maybe errors",YACKA,"PORT PIRIE",SA
"maybe errors",YACKANDANDAH,ALPINE,Vic
"maybe errors",YAHL,"MOUNT GAMBIER",SA
"maybe errors",YALANDA,CLEVE,SA
"maybe errors",YALANDA,"FRANKLIN HARBOUR",SA
"maybe errors",YALANDA,PUA,SA
"maybe errors",YAMBA,"LOXTON WAIKERIE",SA
"maybe errors",YANTANABIE,PUA,SA
"maybe errors",YATINA,PETERBOROUGH,SA
"maybe errors","YAWONG HILLS",LODDON,Vic
"maybe errors",YELTANA,KIMBA,SA
"maybe errors",YOLLA,"BURNIE CITY",Tas
"maybe errors",YOUNGHUSBAND,"MURRAY BRIDGE",SA
"maybe errors",YUNTA,PETERBOROUGH,SA
mere-dupes,ADELAIDE,BURNSIDE,SA
mere-dupes,ADELAIDE,"NORWOOD PAYNEHAM AND ST PETERS",SA
mere-dupes,ADELAIDE,UNLEY,SA
mere-dupes,ADELAIDE,"WEST TORRENS",SA
mere-dupes,ALMA,"CLARE AND GILBERT VALLEYS",SA
mere-dupes,BEACONSFIELD,CASEY,Vic
mere-dupes,BEACONSFIELD,LATROBE,Tas
mere-dupes,BEAUFORT,"YORKE PENINSULA",SA
mere-dupes,BRIDGEWATER,"MOUNT BARKER",SA
mere-dupes,BRIGHTON,"SOUTHERN MIDLANDS",Tas
mere-dupes,BROADWATER,LISMORE,NSW
mere-dupes,"BULL CREEK",ALEXANDRINA,SA
mere-dupes,"BULL CREEK",CANNING,WA
mere-dupes,CAMPBELLTOWN,"CENTRAL GOLDFIELDS",Vic
mere-dupes,CAMPBELLTOWN,HEPBURN,Vic
mere-dupes,CHELTENHAM,BAYSIDE,Vic
mere-dupes,CLAREMONT,COTTESLOE,WA
mere-dupes,CLAREMONT,"DERWENT VALLEY",Tas
mere-dupes,CLAREMONT,NEDLANDS,WA
mere-dupes,CRESSY,"COLAC OTWAY",Vic
mere-dupes,CRESSY,CORANGAMITE,Vic
mere-dupes,DARLINGTON,CORANGAMITE,Vic
mere-dupes,DARLINGTON,ONKAPARINGA,SA
mere-dupes,DERBY,"BREAK O'DAY",Tas
mere-dupes,GREENHILL,"MOUNT ALEXANDER",Vic
mere-dupes,GUILDFORD,HEPBURN,Vic
mere-dupes,HILLSIDE,BRIMBANK,Vic
mere-dupes,KENSINGTON,"MOONEE VALLEY",Vic
mere-dupes,KENSINGTON,"VICTORIA PARK",WA
mere-dupes,"KINGLAKE WEST",NILLUMBIK,Vic
mere-dupes,"KINGLAKE WEST",WHITTLESEA,Vic
mere-dupes,KINGSTON,"HOBART CITY",Tas
mere-dupes,LANSDOWNE,"ROPER GULF",NT
mere-dupes,LILYDALE,DORSET,Tas
mere-dupes,MANGALORE,BRIGHTON,Tas
mere-dupes,MANGALORE,MITCHELL,Vic
mere-dupes,"MIDDLEBACK RANGE",PUA,SA
mere-dupes,"MIDDLEBACK RANGE","UIA WHYALLA",SA
mere-dupes,MIDDLESEX,"CENTRAL COAST",Tas
mere-dupes,MIDDLESEX,"MEANDER VALLEY",Tas
mere-dupes,MIDDLESEX,WARATAH-WYNYARD,Tas
mere-dupes,"MOUNT BULLER","MOUNT BULLER ALPINE RESORT (UNINC)",Vic
mere-dupes,"MOUNT BULLER","MOUNT STIRLING ALPINE RESORT (UNINC)",Vic
mere-dupes,"MOUNT BULLER",WELLINGTON,Vic
mere-dupes,"MOUNT PLEASANT","MID MURRAY",SA
mere-dupes,MURCHISON,STRATHBOGIE,Vic
mere-dupes,"NORTH ADELAIDE","CHARLES STURT",SA
mere-dupes,"NORTH ADELAIDE","NORWOOD PAYNEHAM AND ST PETERS",SA
mere-dupes,"NORTH ADELAIDE",PROSPECT,SA
mere-dupes,"NORTH ADELAIDE",WALKERVILLE,SA
mere-dupes,RAVENSWOOD,"MOUNT ALEXANDER",Vic
mere-dupes,"REEDY CREEK",ROBE,SA
mere-dupes,SALTIA,"MOUNT REMARKABLE",SA
mere-dupes,SALTIA,"PORT AUGUSTA",SA
mere-dupes,SASSAFRAS,KNOX,Vic
mere-dupes,SASSAFRAS,"MEANDER VALLEY",Tas
mere-dupes,"SHENTON PARK",CAMBRIDGE,WA
mere-dupes,"SHENTON PARK",SUBIACO,WA
mere-dupes,SOUTHWEST,"CENTRAL HIGHLANDS",Tas
mere-dupes,SOUTHWEST,"DERWENT VALLEY",Tas
mere-dupes,SOUTHWEST,"WEST COAST",Tas
mere-dupes,SPRINGFIELD,"LAUNCESTON CITY",Tas
mere-dupes,"STIRLING RANGE NATIONAL PARK",CRANBROOK,WA
mere-dupes,"STIRLING RANGE NATIONAL PARK",GNOWANGERUP,WA
mere-dupes,"ST JAMES",CANNING,WA
mere-dupes,"ST KILDA",PLAYFORD,SA
mere-dupes,"STONY CREEK",HEPBURN,Vic
mere-dupes,STRATHBOGIE,BENALLA,Vic
mere-dupes,STRATHBOGIE,MANSFIELD,Vic
mere-dupes,STRZELECKI,"BAW BAW",Vic
mere-dupes,TARADALE,HEPBURN,Vic
mere-dupes,TARADALE,"MACEDON RANGES",Vic
mere-dupes,TAYENE,"BREAK O'DAY",Tas
mere-dupes,TAYENE,DORSET,Tas
mere-dupes,"TEA TREE",BRIGHTON,Tas
mere-dupes,"TEA TREE","CLARENCE CITY",Tas
mere-dupes,TOLMIE,BENALLA,Vic
mere-dupes,TOLMIE,WANGARATTA,Vic
mere-dupes,"TOOMS LAKE","GLAMORGAN-SPRING BAY",Tas
mere-dupes,"TOOMS LAKE","SOUTHERN MIDLANDS",Tas
mere-dupes,TOONGABBIE,"BAW BAW",Vic
mere-dupes,TOONGABBIE,WELLINGTON,Vic
mere-dupes,TREVALLYN,"MEANDER VALLEY",Tas
mere-dupes,TREVALLYN,"WEST TAMAR",Tas
mere-dupes,TRURO,BAROSSA,SA
mere-dupes,TRURO,LIGHT,SA
mere-dupes,TULLAMARINE,HUME,Vic
mere-dupes,TULLAMARINE,MORELAND,Vic
mere-dupes,TUNGKILLO,"ADELAIDE HILLS",SA
mere-dupes,"UPPER BLESSINGTON","BREAK O'DAY",Tas
mere-dupes,"UPPER BLESSINGTON",DORSET,Tas
mere-dupes,"VALLEY VIEW","PORT ADELAIDE ENFIELD",SA
mere-dupes,"VALLEY VIEW","TEA TREE GULLY",SA
mere-dupes,WANDANA,PUA,SA
mere-dupes,"WATTLE FLAT",BALLARAT,Vic
mere-dupes,"WATTLE FLAT",HEPBURN,Vic
mere-dupes,WAUBRA,BALLARAT,Vic
mere-dupes,WAUBRA,HEPBURN,Vic
mere-dupes,"WELLINGTON PARK","GLENORCHY CITY",Tas
mere-dupes,"WELLINGTON PARK","HOBART CITY",Tas
mere-dupes,"WELLINGTON PARK","HUON VALLEY",Tas
mere-dupes,"WELLINGTON PARK",KINGBOROUGH,Tas
mere-dupes,WELSHPOOL,"VICTORIA PARK",WA
mere-dupes,"WEST BEACH","CHARLES STURT",SA
mere-dupes,"WEST COAST",KENTISH,Tas
mere-dupes,"WEST COAST",WARATAH-WYNYARD,Tas
mere-dupes,"WEST COAST","WEST COAST",Tas
mere-dupes,"WESTONS FLAT",PUA,SA
mere-dupes,"WHITE HILLS","NORTHERN MIDLANDS",Tas
mere-dupes,WINDSOR,"PORT PHILLIP",Vic
mere-dupes,"WONGA PARK",MAROONDAH,Vic
mere-dupes,"WONGA PARK","YARRA RANGES",Vic
mere-dupes,WOODSIDE,"MOUNT BARKER",SA
mere-dupes,"WOODS POINT",WELLINGTON,Vic
mere-dupes,WOODVALE,WANNEROO,WA
part,ABBEYARD,WANGARATTA,Vic
part,ABBOTSFORD,"UNINCORPORATED (Sydney)",NSW
part,ABERDEEN,KENTISH,Tas
part,ABERDEEN,MUSWELLBROOK,NSW
part,ABERFOYLE,"ARMIDALE DUMARESQ",NSW
part,"ADAMSTOWN HEIGHTS","LAKE MACQUARIE",NSW
part,"AGNES BANKS",PENRITH,NSW
part,"ALLAMBEE RESERVE","SOUTH GIPPSLAND",Vic
part,"ALLAMBEE SOUTH","BAW BAW",Vic
part,ALLANDALE,CESSNOCK,NSW
part,ALLANSFORD,MOYNE,Vic
part,"ALMA PARK",LOCKHART,NSW
part,ALPHINGTON,YARRA,Vic
part,ALYANGULA,"EAST ARNHEM",NT
part,AMAROO,DIAMANTINA,Qld
part,ANAKIE,"GOLDEN PLAINS",Vic
part,"ANANGU PITJANTJATJARA YANKUNYTJATJARA",PUA,SA
part,ANGLEDOOL,BREWARRINA,NSW
part,ANMATJERE,BARKLY,NT
part,ANNANDALE,SYDNEY,NSW
part,APPILA,"NORTHERN AREAS",SA
part,"APPIN SOUTH",LODDON,Vic
part,APSLEY,"SOUTHERN MIDLANDS",Tas
part,"ARAFURA SEA",COOK,Qld
part,ARCHDALE,"NORTHERN GRAMPIANS",Vic
part,"ARCHDALE JUNCTION","NORTHERN GRAMPIANS",Vic
part,ARCHERTON,WANGARATTA,Vic
part,ARDLETHAN,BLAND,NSW
part,ARDLETHAN,NARRANDERA,NSW
part,ARGOON,MURRUMBIDGEE,NSW
part,"ARIAH PARK",BLAND,NSW
part,"ARNO BAY","FRANKLIN HARBOUR",SA
part,"ARNO BAY","TUMBY BAY",SA
part,ARUMPO,BALRANALD,NSW
part,ASHBURY,ASHFIELD,NSW
part,ATHLONE,"SOUTH GIPPSLAND",Vic
part,AVENEL,MITCHELL,Vic
part,"AVENUE RANGE",KINGSTON,SA
part,AVOCA,"BREAK O'DAY",Tas
part,AVON,WOLLONGONG,NSW
part,AYRFORD,CORANGAMITE,Vic
part,"BACK VALLEY",YANKALILLA,SA
part,BADDAGINNIE,STRATHBOGIE,Vic
part,"BADGERYS CREEK",PENRITH,NSW
part,"BAKERS BEACH","WEST TAMAR",Tas
part,BALCOMBA,WOORABINDA,Qld
part,"BALD RIDGE","BATHURST REGIONAL",NSW
part,BALLDALE,"GREATER HUME",NSW
part,BALLIANG,"GREATER GEELONG",Vic
part,BALLIMORE,WELLINGTON,NSW
part,BALOOK,WELLINGTON,Vic
part,"BANKS CREEK",BRISBANE,Qld
part,BANNISTER,WANDERING,WA
part,BANOON,NARRABRI,NSW
part,BANYABBA,"RICHMOND VALLEY",NSW
part,BARABBA,WAKEFIELD,SA
part,BARCOONGERE,"COFFS HARBOUR",NSW
part,BARELLAN,BLAND,NSW
part,BARGO,WINGECARRIBEE,NSW
part,BARJARG,BENALLA,Vic
part,BARKLY,"NORTHERN GRAMPIANS",Vic
part,BARMEDMAN,TEMORA,NSW
part,BARRABA,GWYDIR,NSW
part,"BARREN GROUNDS",SHOALHAVEN,NSW
part,BARRY,"TAMWORTH REGIONAL",NSW
part,BATESFORD,"GOLDEN PLAINS",Vic
part,BAUHINIA,"CENTRAL HIGHLANDS",Qld
part,"BAULKHAM HILLS",PARRAMATTA,NSW
part,BEALIBA,LODDON,Vic
part,BEAUCHAMP,"SWAN HILL",Vic
part,BECKOM,BLAND,NSW
part,"BEDFORD PARK",MARION,SA
part,BELAIR,"ADELAIDE HILLS",SA
part,BELBORA,GLOUCESTER,NSW
part,BELFIELD,STRATHFIELD,NSW
part,BELLATA,"MOREE PLAINS",NSW
part,BELLEVUE,MUNDARING,WA
part,BELLFIELD,"SOUTHERN GRAMPIANS",Vic
part,BELL,"BLUE MOUNTAINS",NSW
part,"BELLMOUNT FOREST","UPPER LACHLAN SHIRE",NSW
part,BENEREMBAH,CARRATHOOL,NSW
part,"BEN LOMOND","GLEN INNES SEVERN SHIRE",NSW
part,BENTLEY,KYOGLE,NSW
part,BENTLEY,"RICHMOND VALLEY",NSW
part,BENTLEY,"VICTORIA PARK",WA
part,BERAMBING,"BLUE MOUNTAINS",NSW
part,BERRIGAN,JERILDERIE,NSW
part,BERRIMAH,"DARWIN RATES ACT",NT
part,BERRYBANK,"GOLDEN PLAINS",Vic
part,BESSIEBELLE,GLENELG,Vic
part,BEVERIDGE,WHITTLESEA,Vic
part,"BEVERLY HILLS",CANTERBURY,NSW
part,BIBARINGA,GAWLER,SA
part,"BIG DESERT",HINDMARSH,Vic
part,"BIG DESERT","WEST WIMMERA",Vic
part,BILPIN,"BLUE MOUNTAINS",NSW
part,BINGINWARRI,"SOUTH GIPPSLAND",Vic
part,BINIGUY,GWYDIR,NSW
part,BINYA,NARRANDERA,NSW
part,BIRDWOOD,"MID MURRAY",SA
part,BIRRALEE,"WEST TAMAR",Tas
part,BIRREGURRA,"SURF COAST",Vic
part,"BISHOPS BRIDGE",CESSNOCK,NSW
part,"BLACK HILL",NEWCASTLE,NSW
part,"BLACK HILLS","SOUTHERN MIDLANDS",Tas
part,"BLACK MOUNTAIN",GUYRA,NSW
part,"BLACK RANGE",ARARAT,Vic
part,BLANDFORD,"LIVERPOOL PLAINS",NSW
part,BLESSINGTON,"NORTHERN MIDLANDS",Tas
part,BLOOMFIELD,COOK,Qld
part,"BLUE MOUNTAINS NATIONAL PARK",WOLLONDILLY,NSW
part,BOBADAH,LACHLAN,NSW
part,BOGGABRI,GUNNEDAH,NSW
part,"BOHO SOUTH",BENALLA,Vic
part,"BONNIE DOON",BENALLA,Vic
part,BONSHAW,GOONDIWINDI,Qld
part,BOOLA,LATROBE,Vic
part,BOOLARRA,"SOUTH GIPPSLAND",Vic
part,BOOLIGAL,BALRANALD,NSW
part,BOOLIGAL,CARRATHOOL,NSW
part,"BOOL LAGOON","WATTLE RANGE",SA
part,BOOROLONG,GUYRA,NSW
part,BOOROLONG,URALLA,NSW
part,BOOROOBIN,"SUNSHINE COAST",Qld
part,BOOROORBAN,HAY,NSW
part,BOOYONG,LISMORE,NSW
part,"BO PEEP",PYRENEES,Vic
part,"BOREE CREEK",LOCKHART,NSW
part,"BOREE CREEK",NARRANDERA,NSW
part,"BOTANY BAY","BOTANY BAY",NSW
part,"BOTANY BAY",ROCKDALE,NSW
part,BOWER,"MID MURRAY",SA
part,BOWEYA,WANGARATTA,Vic
part,BOWHILL,"MID MURRAY",SA
part,"BOWMANS CREEK",SINGLETON,NSW
part,BOXWOOD,"GREATER SHEPPARTON",Vic
part,BOYER,BRIGHTON,Tas
part,BRACKNELL,"NORTHERN MIDLANDS",Tas
part,BRADBURY,"MOUNT BARKER",SA
part,BRANXHOLME,GLENELG,Vic
part,BRANXTON,SINGLETON,NSW
part,BRAY,"WATTLE RANGE",SA
part,BRAYTON,"UPPER LACHLAN SHIRE",NSW
part,BREADALBANE,"GOULBURN MULWAREE",NSW
part,"BREAKAWAY CREEK",MOYNE,Vic
part,BREAMLEA,"SURF COAST",Vic
part,BREEZA,"LIVERPOOL PLAINS",NSW
part,BRIARBROOK,URALLA,NSW
part,BRIBBAREE,WEDDIN,NSW
part,"BRIDGE CREEK",BENALLA,Vic
part,BRIDGENORTH,"MEANDER VALLEY",Tas
part,"BRIGHTON EAST","GLEN EIRA",Vic
part,BRIGHTVIEW,SOMERSET,Qld
part,BRIMPAEN,"NORTHERN GRAMPIANS",Vic
part,BRINDABELLA,"YASS VALLEY",NSW
part,BRINERVILLE,NAMBUCCA,NSW
part,BRINGELLY,CAMDEN,NSW
part,BROADMARSH,"DERWENT VALLEY",Tas
part,BROADVIEW,PROSPECT,SA
part,"BROGANS CREEK",LITHGOW,NSW
part,"BROGERS CREEK",KIAMA,NSW
part,"BROKEN HEAD",BALLINA,NSW
part,"BROKEN HILL","BROKEN HILL",NSW
part,BROOKLYN,"HOBSONS BAY",Vic
part,BROUGHTON,"WEST WIMMERA",Vic
part,"BROUGHTON VILLAGE",SHOALHAVEN,NSW
part,BROWNLOW,GOYDER,SA
part,BRUCE,"FLINDERS RANGES",SA
part,BUANGOR,PYRENEES,Vic
part,BUCKETTY,HAWKESBURY,NSW
part,BUCKLEBOO,PUA,SA
part,BUCKRABANYULE,BULOKE,Vic
part,BUDAWANG,PALERANG,NSW
part,BUDDEROO,SHOALHAVEN,NSW
part,BUDDONG,TUMBARUMBA,NSW
part,BULLAROOK,HEPBURN,Vic
part,"BULLARTO SOUTH",HEPBURN,Vic
part,BUMBALDRY,COWRA,NSW
part,BUNDARRA,GUYRA,NSW
part,BUNDARRA,GWYDIR,NSW
part,BUNDARRA,"TAMWORTH REGIONAL",NSW
part,BUNDEMAR,NARROMINE,NSW
part,BUNDOOK,"GREATER TAREE",NSW
part,BUNDOORA,DAREBIN,Vic
part,BUNDOORA,WHITTLESEA,Vic
part,"BUNG BONG",PYRENEES,Vic
part,BUNINYONG,MOORABOOL,Vic
part,BUNYAH,"GREATER TAREE",NSW
part,"BUNYA MOUNTAINS","SOUTH BURNETT",Qld
part,BURDETT,"MID MURRAY",SA
part,BURRA,COOMA-MONARO,NSW
part,"BURREN JUNCTION",NARRABRI,NSW
part,BURRUMBEET,PYRENEES,Vic
part,BURRUNDIE,UN-INCORPORATED,NT
part,BURRUNGULE,"WATTLE RANGE",SA
part,BURWOOD,MONASH,Vic
part,"BUSBYS FLAT","CLARENCE VALLEY",NSW
part,BUSHFIELD,MOYNE,Vic
part,BUTE,WAKEFIELD,SA
part,BUXTON,WINGECARRIBEE,NSW
part,BYADUK,GLENELG,Vic
part,BYADUK,MOYNE,Vic
part,BYLANDS,"MACEDON RANGES",Vic
part,BYROCK,BOGAN,NSW
part,BYROCK,BREWARRINA,NSW
part,BYROCK,COBAR,NSW
part,BYWONG,"YASS VALLEY",NSW
part,CABRAMURRA,TUMUT,NSW
part,CALLINGTON,"MOUNT BARKER",SA
part,CALOOLA,BLAYNEY,NSW
part,CALOOTE,"MID MURRAY",SA
part,"CALPERUM STATION","RENMARK PARINGA",SA
part,"CALPERUM STATION","UIA RIVERLAND",SA
part,CAMPANIA,"CLARENCE CITY",Tas
part,CAMPERDOWN,MARRICKVILLE,NSW
part,CANBELEGO,BOGAN,NSW
part,"CANNING CREEK",TOOWOOMBA,Qld
part,"CANNING VALE",GOSNELLS,WA
part,CANOBOLAS,ORANGE,NSW
part,CANONBA,WARREN,NSW
part,"CANOWIE BELT","NORTHERN AREAS",SA
part,CANOWINDRA,COWRA,NSW
part,CANUNDA,GRANT,SA
part,CARAMUT,"SOUTHERN GRAMPIANS",Vic
part,CARAPOOK,GLENELG,Vic
part,CARAWA,"STREAKY BAY",SA
part,CARBOOR,ALPINE,Vic
part,CARINDA,COONAMBLE,NSW
part,CARINDA,WARREN,NSW
part,CARISBROOK,"MOUNT ALEXANDER",Vic
part,CARLINGFORD,HORNSBY,NSW
part,CARLINGFORD,"THE HILLS SHIRE",NSW
part,"CARLISLE RIVER",CORANGAMITE,Vic
part,CARLTON,HURSTVILLE,NSW
part,CARLTON,ROCKDALE,NSW
part,"CARLTON NORTH",MELBOURNE,Vic
part,CAROONA,GUNNEDAH,NSW
part,CARPENDEIT,"COLAC OTWAY",Vic
part,CARRANBALLAC,ARARAT,Vic
part,CARRATHOOL,MURRUMBIDGEE,NSW
part,CARRIEWERLOO,"PORT AUGUSTA",SA
part,CARWOOLA,"QUEANBEYAN CITY",NSW
part,CASSILIS,WARRUMBUNGLE,NSW
part,"CASTLE HILL",HORNSBY,NSW
part,CATARACT,WOLLONGONG,NSW
part,CATHCART,"BEGA VALLEY",NSW
part,CATTAI,HAWKESBURY,NSW
part,CAWDOR,CAMDEN,NSW
part,"CECIL PARK",LIVERPOOL,NSW
part,"CEDAR CREEK","GOLD COAST",Qld
part,"CENTENNIAL PARK",SYDNEY,NSW
part,"CENTRAL PLATEAU","MEANDER VALLEY",Tas
part,CHANDADA,WUDINNA,SA
part,"CHAPPLE VALE",CORANGAMITE,Vic
part,"CHARLES DARWIN",DARWIN,NT
part,CHARLTON,"BATHURST REGIONAL",NSW
part,"CHATSWOOD WEST",RYDE,NSW
part,CHATSWORTH,ARARAT,Vic
part,CHERRYPOOL,"NORTHERN GRAMPIANS",Vic
part,"CHESTER HILL",PARRAMATTA,NSW
part,CHETWYND,GLENELG,Vic
part,CHOWILLA,PUA,SA
part,CHUWAR,BRISBANE,Qld
part,CLARAVALE,KATHERINE,NT
part,CLARKEFIELD,HUME,Vic
part,"CLAY WELLS","WATTLE RANGE",SA
part,CLELAND,BURNSIDE,SA
part,CLEMATIS,"YARRA RANGES",Vic
part,"CLEMENTS GAP","PORT PIRIE",SA
part,CLIFTLEIGH,MAITLAND,NSW
part,"CLIFTON GROVE",CABONNE,NSW
part,"CLOVER FLAT",GLENELG,Vic
part,CLUNES,BYRON,NSW
part,COBUNGRA,"EAST GIPPSLAND",Vic
part,COLEAMBALLY,JERILDERIE,NSW
part,COLLARENEBRI,"MOREE PLAINS",NSW
part,COLLECTOR,PALERANG,NSW
part,COLLECTOR,"YASS VALLEY",NSW
part,COLLIE,GILGANDRA,NSW
part,COLLINSVALE,"DERWENT VALLEY",Tas
part,COMBOYNE,"GREATER TAREE",NSW
part,CONNEWARRE,"SURF COAST",Vic
part,"COOBER PEDY","COOBER PEDY",SA
part,COOKAMIDGERA,PARKES,NSW
part,COOLABAH,BREWARRINA,NSW
part,COOLAC,COOTAMUNDRA,NSW
part,COOLATAI,INVERELL,NSW
part,COOLCALALAYA,MURCHISON,WA
part,COOMA,"SNOWY RIVER",NSW
part,COOMBADJHA,"GLEN INNES SEVERN SHIRE",NSW
part,"COONOOER BRIDGE",LODDON,Vic
part,"COONOOER BRIDGE","NORTHERN GRAMPIANS",Vic
part,COOPERABUNG,KEMPSEY,NSW
part,COORONG,ALEXANDRINA,SA
part,COORONG,KINGSTON,SA
part,"COPE COPE",BULOKE,Vic
part,COPETON,GWYDIR,NSW
part,COPPABELLA,TUMBARUMBA,NSW
part,CORAKI,LISMORE,NSW
part,"CORAL SEA",BUNDABERG,Qld
part,"CORAL SEA",BURDEKIN,Qld
part,"CORAL SEA",CAIRNS,Qld
part,"CORAL SEA","CASSOWARY COAST",Qld
part,"CORAL SEA",DOUGLAS,Qld
part,"CORAL SEA",GLADSTONE,Qld
part,"CORAL SEA",HINCHINBROOK,Qld
part,"CORAL SEA",ISAAC,Qld
part,"CORAL SEA",LIVINGSTONE,Qld
part,"CORAL SEA",MACKAY,Qld
part,"CORAL SEA",TORRES,Qld
part,"CORAL SEA",TOWNSVILLE,Qld
part,"CORAL SEA",WHITSUNDAY,Qld
part,"CORBIE HILL",NARRANDERA,NSW
part,COREE,JERILDERIE,NSW
part,CORINELLA,LACHLAN,NSW
part,CORINNA,"CIRCULAR HEAD",Tas
part,CORINNA,"WEST COAST",Tas
part,"COROMANDEL VALLEY",MITCHAM,SA
part,COWWARR,LATROBE,Vic
part,"CRADLE MOUNTAIN",KENTISH,Tas
part,"CRADLE MOUNTAIN","MEANDER VALLEY",Tas
part,"CRAFERS WEST",MITCHAM,SA
part,"CRANGAN BAY","LAKE MACQUARIE",NSW
part,CRAWLEY,PERTH,WA
part,CRAWNEY,"UPPER HUNTER",NSW
part,"CREEK JUNCTION",MANSFIELD,Vic
part,"CREEK JUNCTION",STRATHBOGIE,Vic
part,CRESWICK,BALLARAT,Vic
part,CROMER,"ADELAIDE HILLS",SA
part,CROOM,KIAMA,NSW
part,"CROPPA CREEK","MOREE PLAINS",NSW
part,CROWLANDS,ARARAT,Vic
part,CROWLANDS,"NORTHERN GRAMPIANS",Vic
part,CROWNTHORPE,GYMPIE,Qld
part,CROYDON,ASHFIELD,NSW
part,"CROYDON PARK",ASHFIELD,NSW
part,"CROYDON PARK",CANTERBURY,NSW
part,CRUDINE,"BATHURST REGIONAL",NSW
part,CRYMELON,HINDMARSH,Vic
part,CULTANA,"PORT AUGUSTA",SA
part,CULTANA,WHYALLA,SA
part,"CUNDARE NORTH","COLAC OTWAY",Vic
part,CUNDINUP,DONNYBROOK-BALINGUP,WA
part,CURDIEVALE,MOYNE,Vic
part,CURLEWIS,"LIVERPOOL PLAINS",NSW
part,CURRAWANG,"GOULBURN MULWAREE",NSW
part,CURRAWANG,"UPPER LACHLAN SHIRE",NSW
part,CURROWAN,SHOALHAVEN,NSW
part,"DADSWELLS BRIDGE","NORTHERN GRAMPIANS",Vic
part,"DALY RIVER","VICTORIA DALY",NT
part,"DALY RIVER","WEST DALY",NT
part,DANGARSLEIGH,URALLA,NSW
part,DARGO,ALPINE,Vic
part,"DARKES FOREST",WOLLONDILLY,NSW
part,DARLIMURLA,LATROBE,Vic
part,DAROOBALGIE,PARKES,NSW
part,DARTMOUTH,"EAST GIPPSLAND",Vic
part,"DARWIN CITY","DARWIN WATERFRONT PRECINCT",NT
part,"DARWIN HARBOUR",DARWIN,NT
part,DAYSDALE,COROWA,NSW
part,DEEPWATER,TENTERFIELD,NSW
part,DELBURN,"BAW BAW",Vic
part,DELBURN,LATROBE,Vic
part,DELUNGRA,GWYDIR,NSW
part,"DENHAM COURT",CAMPBELLTOWN,NSW
part,DENILIQUIN,CONARGO,NSW
part,DENILIQUIN,DENILIQUIN,NSW
part,DENNINGTON,MOYNE,Vic
part,DENVER,"MACEDON RANGES",Vic
part,DERGHOLM,GLENELG,Vic
part,DERNANCOURT,"PORT ADELAIDE ENFIELD",SA
part,DERRIWONG,FORBES,NSW
part,"DEVON PARK","CHARLES STURT",SA
part,"DIGGERS REST",HUME,Vic
part,"DIGNAMS CREEK","BEGA VALLEY",NSW
part,DIMBOOLA,YARRIAMBIACK,Vic
part,"DIRTY CREEK","CLARENCE VALLEY",NSW
part,"DOBIES BIGHT",KYOGLE,NSW
part,DONDINGALONG,"PORT MACQUARIE-HASTINGS",NSW
part,DOONAN,"SUNSHINE COAST",Qld
part,DOREEN,WHITTLESEA,Vic
part,"DORSET VALE","MOUNT BARKER",SA
part,"DORSET VALE",ONKAPARINGA,SA
part,DOUGLAS-APSLEY,"GLAMORGAN-SPRING BAY",Tas
part,DOUGLAS-APSLEY,"NORTHERN MIDLANDS",Tas
part,DOUGLAS-DALY,"VICTORIA DALY",NT
part,"DOUGLAS RIVER","GLAMORGAN-SPRING BAY",Tas
part,DROMEDARY,"SOUTHERN MIDLANDS",Tas
part,DRUMMOND,"MACEDON RANGES",Vic
part,"DRUMMOND NORTH","MOUNT ALEXANDER",Vic
part,"DRY CREEK","PORT ADELAIDE ENFIELD",SA
part,DUARINGA,WOORABINDA,Qld
part,DUMARESQ,URALLA,NSW
part,DUNACH,"CENTRAL GOLDFIELDS",Vic
part,DUNALLEY,TASMAN,Tas
part,DUNEDOO,WELLINGTON,NSW
part,DUNNEWORTHY,"NORTHERN GRAMPIANS",Vic
part,DUNOLLY,LODDON,Vic
part,"DUNVILLE LOOP","MID-WESTERN REGIONAL",NSW
part,DURACK,"DERBY-WEST KIMBERLEY",WA
part,DURACK,"HALLS CREEK",WA
part,DURAL,"THE HILLS SHIRE",NSW
part,"DURHAM LEAD","GOLDEN PLAINS",Vic
part,"DURHAM LEAD",MOORABOOL,Vic
part,DUTTON,GOYDER,SA
part,"EAST ARNHEM","WEST ARNHEM",NT
part,"EAST CORAKI","RICHMOND VALLEY",NSW
part,"EAST DEVONPORT",LATROBE,Tas
part,"EAST LYNNE",EUROBODALLA,NSW
part,"EAST PERTH",VINCENT,WA
part,EASTVILLE,"MOUNT ALEXANDER",Vic
part,EASTWOOD,HORNSBY,NSW
part,EASTWOOD,PARRAMATTA,NSW
part,EBOR,"ARMIDALE DUMARESQ",NSW
part,"ECKLIN SOUTH",MOYNE,Vic
part,EDDINGTON,"CENTRAL GOLDFIELDS",Vic
part,EDDINGTON,LODDON,Vic
part,"EDEN VALLEY","MID MURRAY",SA
part,EDITH,KATHERINE,NT
part,"EERWAH VALE",NOOSA,Qld
part,EILDON,MANSFIELD,Vic
part,ELANDS,"PORT MACQUARIE-HASTINGS",NSW
part,ELDERSLIE,"CENTRAL HIGHLANDS",Tas
part,"ELIZABETH VALE",SALISBURY,SA
part,ELMHURST,ARARAT,Vic
part,"ELONG ELONG",DUBBO,NSW
part,"ELTHAM NORTH",BANYULE,Vic
part,EMERALD,"YARRA RANGES",Vic
part,EMMAVILLE,INVERELL,NSW
part,EMMAVILLE,TENTERFIELD,NSW
part,EMU,"CENTRAL GOLDFIELDS",Vic
part,EMU,LODDON,Vic
part,"EMU SWAMP",CABONNE,NSW
part,"ENGLAND CREEK",BRISBANE,Qld
part,ENNGONIA,BREWARRINA,NSW
part,"ENOCHS POINT",MURRINDINDI,Vic
part,EPPING,PARRAMATTA,NSW
part,ERCILDOUNE,BALLARAT,Vic
part,ESK,"CLARENCE VALLEY",NSW
part,EUABALONG,LACHLAN,NSW
part,EUBENANGEE,"CASSOWARY COAST",Qld
part,EUGOWRA,FORBES,NSW
part,EURIMBLA,CABONNE,NSW
part,EUROLEY,LEETON,NSW
part,EUROMBAH,"WESTERN DOWNS",Qld
part,EUSTON,WENTWORTH,NSW
part,EVANSFORD,HEPBURN,Vic
part,"EVANSTON PARK",PLAYFORD,SA
part,EVERSLEY,PYRENEES,Vic
part,EYNESBURY,WYNDHAM,Vic
part,FAIRFIELD,YARRA,Vic
part,"FALLS CREEK","FALLS CREEK ALPINE RESORT (UNINC)",Vic
part,"FARRELL FLAT","CLARE AND GILBERT VALLEYS",SA
part,FAWKNER,HUME,Vic
part,FERNBANK,WELLINGTON,Vic
part,"FERN HILL","MACEDON RANGES",Vic
part,"FERN TREE",KINGBOROUGH,Tas
part,FINLEY,JERILDERIE,NSW
part,"FITZGERALD RIVER NATIONAL PARK",JERRAMUNGUP,WA
part,"FITZROY NORTH",MORELAND,Vic
part,FLEMINGTON,MELBOURNE,Vic
part,"FLINDERS RANGES","FLINDERS RANGES",SA
part,FLOREAT,NEDLANDS,WA
part,FLORENTINE,"DERWENT VALLEY",Tas
part,FLOWERDALE,MITCHELL,Vic
part,FLYNN,WELLINGTON,Vic
part,"FLYNNS CREEK",WELLINGTON,Vic
part,"FOREST REEFS",CABONNE,NSW
part,FORTH,"DEVONPORT CITY",Tas
part,"FOUR CORNERS",CONARGO,NSW
part,FRANKFORD,LATROBE,Tas
part,FRANKFORD,"MEANDER VALLEY",Tas
part,FRANKLINFORD,"MOUNT ALEXANDER",Vic
part,FRANKTON,"MID MURRAY",SA
part,"FULLERTON COVE",NEWCASTLE,NSW
part,GALGA,"LOXTON WAIKERIE",SA
part,GALORE,NARRANDERA,NSW
part,GANBENANG,OBERON,NSW
part,GANMAIN,"WAGGA WAGGA",NSW
part,"GARDEN ISLAND CREEK",KINGBOROUGH,Tas
part,GARLAND,COWRA,NSW
part,GARVOC,CORANGAMITE,Vic
part,"GAWLER RANGES",WUDINNA,SA
part,GAZETTE,MOYNE,Vic
part,"GELLIBRAND LOWER","COLAC OTWAY",Vic
part,GERARD,PUA,SA
part,"GERMEIN BAY","MOUNT REMARKABLE",SA
part,GIBBERAGEE,"CLARENCE VALLEY",NSW
part,GIBB,"DERBY-WEST KIMBERLEY",WA
part,"GILLES PLAINS","TEA TREE GULLY",SA
part,GLADESVILLE,"HUNTERS HILL",NSW
part,GLADSTONE,"BREAK O'DAY",Tas
part,GLANDORE,"WEST TORRENS",SA
part,"GLEN ALLEN",COOMA-MONARO,NSW
part,GLENBURNIE,"MOUNT GAMBIER",SA
part,"GLENELG NORTH","WEST TORRENS",SA
part,GLENGARRY,WELLINGTON,Vic
part,"GLENGARRY NORTH","BAW BAW",Vic
part,GLENGOWER,"CENTRAL GOLDFIELDS",Vic
part,GLENHAVEN,HORNSBY,NSW
part,"GLEN IRIS",STONNINGTON,Vic
part,GLENISLA,"NORTHERN GRAMPIANS",Vic
part,GLENLOGIE,ARARAT,Vic
part,"GLENLOTH EAST",LODDON,Vic
part,GLENLUSK,"DERWENT VALLEY",Tas
part,GLENMORGAN,MARANOA,Qld
part,"GLEN OAK",DUNGOG,NSW
part,GLENORIE,"THE HILLS SHIRE",NSW
part,"GLENORMISTON NORTH",MOYNE,Vic
part,"GLEN PARK",MOORABOOL,Vic
part,GLENROWAN,BENALLA,Vic
part,GLENTHOMPSON,ARARAT,Vic
part,GLENWOOD,GYMPIE,Qld
part,GOLCONDA,"LAUNCESTON CITY",Tas
part,GOLDSBOROUGH,LODDON,Vic
part,"GOOD NIGHT","NORTH BURNETT",Qld
part,GOOGONG,PALERANG,NSW
part,GOOLHI,GUNNEDAH,NSW
part,GOOLMA,WELLINGTON,NSW
part,GOOLOOGONG,CABONNE,NSW
part,GOORAM,MURRINDINDI,Vic
part,"GOULBURN WEIR","GREATER SHEPPARTON",Vic
part,"GOULD CREEK",PLAYFORD,SA
part,GOWAN,CABONNE,NSW
part,"GOWAR EAST",LODDON,Vic
part,GOWRIE,"LIVERPOOL PLAINS",NSW
part,"GRACE PLAINS",WAKEFIELD,SA
part,GRAMAN,GWYDIR,NSW
part,"GRAND RIDGE",WELLINGTON,Vic
part,GRANTON,"DERWENT VALLEY",Tas
part,GRANVILLE,HOLROYD,NSW
part,"GRASS FLAT","WEST WIMMERA",Vic
part,GRAVESEND,"MOREE PLAINS",NSW
part,"GREAT WESTERN",ARARAT,Vic
part,GREDGWIN,LODDON,Vic
part,GREENACRE,STRATHFIELD,NSW
part,"GREEN HILLS",TUMBARUMBA,NSW
part,GREENLANDS,"BEGA VALLEY",NSW
part,GREENSBOROUGH,NILLUMBIK,Vic
part,"GREENWICH PARK","GOULBURN MULWAREE",NSW
part,"GREGORY HILLS",CAMPBELLTOWN,NSW
part,GRENVILLE,"GOLDEN PLAINS",Vic
part,GRETA,MAITLAND,NSW
part,GRETNA,"DERWENT VALLEY",Tas
part,GUILDFORD,HOLROYD,NSW
part,GULARGAMBONE,GILGANDRA,NSW
part,"GULF CREEK","TAMWORTH REGIONAL",NSW
part,"GULF OF CARPENTARIA",TORRES,Qld
part,"GULFVIEW HEIGHTS","TEA TREE GULLY",SA
part,GUNALDA,"FRASER COAST",Qld
part,GUNDOWRING,ALPINE,Vic
part,GUNGAL,MUSWELLBROOK,NSW
part,GURINDJI,"CENTRAL DESERT",NT
part,GUYONG,ORANGE,NSW
part,HAHNDORF,"ADELAIDE HILLS",SA
part,HAIGSLEA,SOMERSET,Qld
part,HALBURY,"CLARE AND GILBERT VALLEYS",SA
part,"HALFWAY CREEK","COFFS HARBOUR",NSW
part,"HALLETT COVE",ONKAPARINGA,SA
part,"HALLS GAP",ARARAT,Vic
part,HAMBIDGE,ELLISTON,SA
part,"HAMLEY BRIDGE",LIGHT,SA
part,"HAMLEY BRIDGE",WAKEFIELD,SA
part,HAMPSHIRE,WARATAH-WYNYARD,Tas
part,HANSBOROUGH,GOYDER,SA
part,"HARCOURT NORTH","MOUNT ALEXANDER",Vic
part,HAREFIELD,"WAGGA WAGGA",NSW
part,HARGRAVES,WELLINGTON,NSW
part,HARROW,"SOUTHERN GRAMPIANS",Vic
part,HAYBOROUGH,ALEXANDRINA,SA
part,"HAY VALLEY","ADELAIDE HILLS",SA
part,"HEATH HILL","BAW BAW",Vic
part,HEBDEN,MUSWELLBROOK,NSW
part,HEDLEY,"SOUTH GIPPSLAND",Vic
part,HENTY,LOCKHART,NSW
part,HERNANI,GUYRA,NSW
part,"HERNES OAK","BAW BAW",Vic
part,"HERVEY RANGE",TOWNSVILLE,Qld
part,HEYBRIDGE,"CENTRAL COAST",Tas
part,"HEYTESBURY LOWER",MOYNE,Vic
part,"HIDDEN VALLEY",DARWIN,NT
part,HIGHETT,KINGSTON,Vic
part,HIGHLANDS,MITCHELL,Vic
part,HILLIER,PLAYFORD,SA
part,HINCKS,"TUMBY BAY",SA
part,"HOGARTH RANGE",KYOGLE,NSW
part,"HOLDEN HILL","PORT ADELAIDE ENFIELD",SA
part,HOLSWORTHY,CAMPBELLTOWN,NSW
part,HOLSWORTHY,"SUTHERLAND SHIRE",NSW
part,HOLWELL,LATROBE,Tas
part,"HOMEBUSH WEST",AUBURN,NSW
part,"HOPE VALE",COOK,Qld
part,HORFIELD,LODDON,Vic
part,"HOTHAM HEIGHTS","MOUNT HOTHAM ALPINE RESORT (UNINC)",Vic
part,HOUGHTON,"TEA TREE GULLY",SA
part,"HOWITT PLAINS",MANSFIELD,Vic
part,HOYLETON,"CLARE AND GILBERT VALLEYS",SA
part,HUDDLESTON,"PORT PIRIE",SA
part,"HUMBUG SCRUB","ADELAIDE HILLS",SA
part,HUMULA,"GREATER HUME",NSW
part,HUON,TOWONG,Vic
part,"HURLSTONE PARK",ASHFIELD,NSW
part,HURSTVILLE,"CITY OF KOGARAH",NSW
part,HYDEN,KULIN,WA
part,ILLOWA,WARRNAMBOOL,Vic
part,INGLESIDE,PITTWATER,NSW
part,INJINOO,TORRES,Qld
part,INKERMAN,LODDON,Vic
part,"INMAN VALLEY",YANKALILLA,SA
part,INTERLAKEN,"NORTHERN MIDLANDS",Tas
part,INTERLAKEN,"SOUTHERN MIDLANDS",Tas
part,INVERLEIGH,"SURF COAST",Vic
part,INVERLOCH,"SOUTH GIPPSLAND",Vic
part,IRONBANK,ONKAPARINGA,SA
part,IRONBARK,GWYDIR,NSW
part,IRVINGDALE,TOOWOOMBA,Qld
part,IVANHOE,BALRANALD,NSW
part,JABUK,"SOUTHERN MALLEE",SA
part,"JANCOURT EAST","COLAC OTWAY",Vic
part,"JARDINE RIVER",TORRES,Qld
part,"JERRYS PLAINS",SINGLETON,NSW
part,JINGELLIC,TUMBARUMBA,NSW
part,JOHNSTOWN,GYMPIE,Qld
part,JOLIMONT,CAMBRIDGE,WA
part,"JOYCES CREEK","CENTRAL GOLDFIELDS",Vic
part,JUNG,YARRIAMBIACK,Vic
part,KAGARU,LOGAN,Qld
part,KALPOWAR,BUNDABERG,Qld
part,KAMARAH,BLAND,NSW
part,KAMAROOKA,LODDON,Vic
part,KANGARILLA,"MOUNT BARKER",SA
part,"KANGAROO INN",ROBE,SA
part,KANIGAN,GYMPIE,Qld
part,KANIVA,HINDMARSH,Vic
part,KANUMBRA,MANSFIELD,Vic
part,KAOOTA,"HUON VALLEY",Tas
part,KARCULTABY,"STREAKY BAY",SA
part,KARUAH,"GREAT LAKES",NSW
part,"KEILOR EAST",BRIMBANK,Vic
part,KEILOR,HUME,Vic
part,"KELLYS PLAINS",URALLA,NSW
part,"KEMPS CREEK",LIVERPOOL,NSW
part,"KENNAICLE CREEK",NAMBUCCA,NSW
part,KENTUCKY,"TAMWORTH REGIONAL",NSW
part,KERALUP,MURRAY,WA
part,"KERRS CREEK",WELLINGTON,NSW
part,KESWICK,UNLEY,SA
part,KEWDALE,KALAMUNDA,WA
part,KEWELL,HORSHAM,Vic
part,KEYSBROOK,MURRAY,WA
part,KILSYTH,MAROONDAH,Vic
part,KIMBERLEY,KENTISH,Tas
part,KINGLAKE,NILLUMBIK,Vic
part,"KING LEOPOLD RANGES","WYNDHAM-EAST KIMBERLEY",WA
part,KINGSGROVE,HURSTVILLE,NSW
part,KINGSGROVE,ROCKDALE,NSW
part,KIPPENDUFF,"CLARENCE VALLEY",NSW
part,KOGARAH,ROCKDALE,NSW
part,KOLORA,MOYNE,Vic
part,KONGWAK,"BASS COAST",Vic
part,KOOKABOOKRA,"GLEN INNES SEVERN SHIRE",NSW
part,KOONGAWA,KIMBA,SA
part,KOORAWATHA,COWRA,NSW
part,KORWEINGUBOORA,HEPBURN,Vic
part,KROWERA,"SOUTH GIPPSLAND",Vic
part,KUITPO,"MOUNT BARKER",SA
part,KUITPO,ONKAPARINGA,SA
part,KULNURA,WYONG,NSW
part,KUNDABUNG,"PORT MACQUARIE-HASTINGS",NSW
part,"KU-RING-GAI CHASE",WARRINGAH,NSW
part,KYABRAM,"GREATER SHEPPARTON",Vic
part,KYALITE,BALRANALD,NSW
part,KYNUNA,WINTON,Qld
part,LAEN,"NORTHERN GRAMPIANS",Vic
part,LAEN,YARRIAMBIACK,Vic
part,LAHARUM,"NORTHERN GRAMPIANS",Vic
part,LAJAMANU,"VICTORIA DALY",NT
part,"LAKE ALEXANDRINA",ALEXANDRINA,SA
part,"LAKE ALEXANDRINA","MURRAY BRIDGE",SA
part,"LAKE ARGYLE","HALLS CREEK",WA
part,"LAKE CONDAH",MOYNE,Vic
part,"LAKE COWAL",FORBES,NSW
part,"LAKE GEORGE","YASS VALLEY",NSW
part,"LAKE GILLES",KIMBA,SA
part,"LAKE LEAKE","GLAMORGAN-SPRING BAY",Tas
part,"LAKE MACKAY",MACDONNELL,NT
part,"LAKE MANCHESTER",SOMERSET,Qld
part,"LAKE MARMAL",BULOKE,Vic
part,"LAKE MERAN",LODDON,Vic
part,"LAKES CREEK",LIVINGSTONE,Qld
part,"LAKE SORELL","NORTHERN MIDLANDS",Tas
part,"LAKE ST CLAIR","MEANDER VALLEY",Tas
part,"LAKE ST CLAIR","WEST COAST",Tas
part,"LAMBS VALLEY",MAITLAND,NSW
part,LANCASTER,"GREATER SHEPPARTON",Vic
part,"LANDSBOROUGH WEST",PYRENEES,Vic
part,"LANE COVE NORTH",WILLOUGHBY,NSW
part,"LANG LANG","BASS COAST",Vic
part,"LANG LANG",CARDINIA,Vic
part,LARNOOK,KYOGLE,NSW
part,LATROBE,"DEVONPORT CITY",Tas
part,LATROBE,KENTISH,Tas
part,"LAUREL HILL",TUMBARUMBA,NSW
part,LAVERTON,WYNDHAM,Vic
part,LAWLER,YARRIAMBIACK,Vic
part,"LAWN HILL","MOUNT ISA",Qld
part,"LEAWOOD GARDENS",MITCHAM,SA
part,LEEMING,CANNING,WA
part,LEEMING,COCKBURN,WA
part,"LEETS VALE",HAWKESBURY,NSW
part,LEICHARDT,LODDON,Vic
part,LEITCHVILLE,LODDON,Vic
part,LEITH,"DEVONPORT CITY",Tas
part,LEMONT,"NORTHERN MIDLANDS",Tas
part,"LENAH VALLEY","GLENORCHY CITY",Tas
part,LEPPINGTON,CAMPBELLTOWN,NSW
part,LEPPINGTON,LIVERPOOL,NSW
part,LERIDA,"YASS VALLEY",NSW
part,LEVENDALE,"GLAMORGAN-SPRING BAY",Tas
part,LEXIA,WANNEROO,WA
part,LEYBURN,TOOWOOMBA,Qld
part,"LICOLA NORTH",MANSFIELD,Vic
part,LIENA,KENTISH,Tas
part,LIFFEY,"NORTHERN MIDLANDS",Tas
part,LILLICUR,PYRENEES,Vic
part,"LIMA SOUTH",MANSFIELD,Vic
part,"LIMEBURNERS CREEK","GREAT LAKES",NSW
part,"LINCOLN GAP",PUA,SA
part,LINTON,PYRENEES,Vic
part,"LITTLE RIVER","GREATER GEELONG",Vic
part,LOCHINVAR,CESSNOCK,NSW
part,"LOCKES CLAYPAN",PUA,SA
part,LOCKHART,"WAGGA WAGGA",NSW
part,"LOCKHART RIVER",COOK,Qld
part,LOCKROSE,SOMERSET,Qld
part,"LOCKWOOD SOUTH","MOUNT ALEXANDER",Vic
part,LOGAN,"NORTHERN GRAMPIANS",Vic
part,"LOGIE BRAE",CONARGO,NSW
part,LONGERENONG,YARRIAMBIACK,Vic
part,LONGFORD,"MEANDER VALLEY",Tas
part,"LONG PLAIN",TUMUT,NSW
part,"LONG PLAINS",WAKEFIELD,SA
part,LONGWARRY,CARDINIA,Vic
part,LOONGANA,KENTISH,Tas
part,"LOWER BEULAH","MEANDER VALLEY",Tas
part,"LOWER LONGLEY","HUON VALLEY",Tas
part,"LOWER MARSHES","SOUTHERN MIDLANDS",Tas
part,"LOWER MOUNT WALKER","SCENIC RIM",Qld
part,"LOWER PORTLAND","THE HILLS SHIRE",NSW
part,"LOWER TURNERS MARSH","GEORGE TOWN",Tas
part,"LOWER WILMOT","CENTRAL COAST",Tas
part,LUBECK,"NORTHERN GRAMPIANS",Vic
part,LUDDENHAM,LIVERPOOL,NSW
part,LUDLOW,BUSSELTON,WA
part,LYNDHURST,CASEY,Vic
part,LYNDHURST,COWRA,NSW
part,LYNDOCH,LIGHT,SA
part,LYSTERFIELD,"YARRA RANGES",Vic
part,"MABINS WELL",MURRUMBIDGEE,NSW
part,MACCLESFIELD,ALEXANDRINA,SA
part,MACLEOD,DAREBIN,Vic
part,MACORNA,LODDON,Vic
part,MAGILL,BURNSIDE,SA
part,MAGRA,BRIGHTON,Tas
part,MAGRA,"SOUTHERN MIDLANDS",Tas
part,"MAJOR PLAINS",BENALLA,Vic
part,"MAJORS CREEK",TOWNSVILLE,Qld
part,MALMSBURY,HEPBURN,Vic
part,MALMSBURY,"MOUNT ALEXANDER",Vic
part,MANDAGERY,FORBES,NSW
part,MANDAGERY,PARKES,NSW
part,MANDORAH,UN-INCORPORATED,NT
part,MANDURAMA,COWRA,NSW
part,MANLY,"UNINCORPORATED (Sydney)",NSW
part,"MANLY VALE",MANLY,NSW
part,MANOBALAI,"UPPER HUNTER",NSW
part,MANTUNG,"LOXTON WAIKERIE",SA
part,MANYUNG,GYMPIE,Qld
part,MAPOON,MAPOON,Qld
part,MARAYLYA,HAWKESBURY,NSW
part,"MARBLE BAR","PORT HEDLAND",WA
part,MARBURG,SOMERSET,Qld
part,MARGATE,"HUON VALLEY",Tas
part,MARKARANKA,PUA,SA
part,"MAROM CREEK",BALLINA,NSW
part,MARONG,LODDON,Vic
part,MAROOTA,HORNSBY,NSW
part,MARRAR,"WAGGA WAGGA",NSW
part,MARUNGI,"GREATER SHEPPARTON",Vic
part,MARYSVILLE,"LAKE MOUNTAIN ALPINE RESORT (UNINC)",Vic
part,MASCOT,MARRICKVILLE,NSW
part,MASCOT,ROCKDALE,NSW
part,MATHESON,INVERELL,NSW
part,MATHINNA,DORSET,Tas
part,MATLOCK,"YARRA RANGES",Vic
part,MATONG,"WAGGA WAGGA",NSW
part,MAYBOLE,"GLEN INNES SEVERN SHIRE",NSW
part,MCARTHUR,BARKLY,NT
part,"MCKEES HILL","RICHMOND VALLEY",NSW
part,"MCLEANS RIDGES",BALLINA,NSW
part,"MEADOW FLAT",LITHGOW,NSW
part,MEATIAN,"SWAN HILL",Vic
part,"MEERING WEST",LODDON,Vic
part,"MEGALONG VALLEY",LITHGOW,NSW
part,MELBOURNE,"PORT PHILLIP",Vic
part,MELROSE,KENTISH,Tas
part,"MELROSE PARK",PARRAMATTA,NSW
part,"MELTON MOWBRAY","CENTRAL HIGHLANDS",Tas
part,MENDOORAN,GILGANDRA,NSW
part,MENINDEE,"UNINCORPORATED (Far West)",NSW
part,"MENZIES CREEK","YARRA RANGES",Vic
part,MERCUNDA,"LOXTON WAIKERIE",SA
part,MEREDITH,MOORABOOL,Vic
part,MERRIGAL,GILGANDRA,NSW
part,MERRYLANDS,PARRAMATTA,NSW
part,"MERSEY FOREST",KENTISH,Tas
part,MERSEYLEA,KENTISH,Tas
part,MERTON,MURRINDINDI,Vic
part,MEUNNA,"CIRCULAR HEAD",Tas
part,"MIA MIA",MITCHELL,Vic
part,"MIDDLE ARM","UPPER LACHLAN SHIRE",NSW
part,"MIDDLE CREEK",ARARAT,Vic
part,"MIDDLE DURAL",HORNSBY,NSW
part,"MIDDLE HARBOUR",WARRINGAH,NSW
part,MIDDLETON,"HUON VALLEY",Tas
part,MIDVALE,SWAN,WA
part,MILABENA,"CIRCULAR HEAD",Tas
part,"MILLERS BLUFF","NORTHERN MIDLANDS",Tas
part,MILLIE,NARRABRI,NSW
part,MILLOO,LODDON,Vic
part,MILLTHORPE,ORANGE,NSW
part,MILVALE,COOTAMUNDRA,NSW
part,MIRBOO,LATROBE,Vic
part,"MIRBOO NORTH","BAW BAW",Vic
part,MIRIMBAH,"MOUNT BULLER ALPINE RESORT (UNINC)",Vic
part,MIRIMBAH,"MOUNT STIRLING ALPINE RESORT (UNINC)",Vic
part,"MISSION RIVER",COOK,Qld
part,MITIAMO,CAMPASPE,Vic
part,MITRE,"WEST WIMMERA",Vic
part,"MITTA MITTA","EAST GIPPSLAND",Vic
part,MIVA,"FRASER COAST",Qld
part,MODELLA,CARDINIA,Vic
part,MOE,"BAW BAW",Vic
part,"MOE SOUTH","BAW BAW",Vic
part,MOGO,"UPPER HUNTER",NSW
part,"MOLE CREEK",KENTISH,Tas
part,MOLIAGUL,LODDON,Vic
part,MOLLONGGHIP,MOORABOOL,Vic
part,MONASH,PUA,SA
part,MONASH,"RENMARK PARINGA",SA
part,MONTACUTE,CAMPBELLTOWN,SA
part,"MONT ALBERT",BOROONDARA,Vic
part,MONTUMANA,WARATAH-WYNYARD,Tas
part,MOOCKRA,"MOUNT REMARKABLE",SA
part,MOOLORT,"MOUNT ALEXANDER",Vic
part,MOOMBOOLDOOL,BLAND,NSW
part,MOONDARRA,LATROBE,Vic
part,MOONEE,WYONG,NSW
part,MOONIE,GOONDIWINDI,Qld
part,MOORILIM,STRATHBOGIE,Vic
part,MORANGARELL,BLAND,NSW
part,MORANGARELL,YOUNG,NSW
part,"MORETON BAY",REDLAND,Qld
part,MORGAN,"LOXTON WAIKERIE",SA
part,MORRISONS,"GOLDEN PLAINS",Vic
part,MORTDALE,"CITY OF KOGARAH",NSW
part,MORUNDAH,NARRANDERA,NSW
part,MOSSGIEL,BALRANALD,NSW
part,MOSSGIEL,"CENTRAL DARLING",NSW
part,MOULAMEIN,CONARGO,NSW
part,"MOUNT ADRAH",TUMUT,NSW
part,"MOUNTAIN RIVER","DERWENT VALLEY",Tas
part,"MOUNTAIN VIEW","SOUTH GIPPSLAND",Vic
part,"MOUNT ANNAN",CAMPBELLTOWN,NSW
part,"MOUNT ARDEN","PORT AUGUSTA",SA
part,"MOUNT BUTE","GOLDEN PLAINS",Vic
part,"MOUNT CAMERON",HEPBURN,Vic
part,"MOUNT CLAREMONT",CAMBRIDGE,WA
part,"MOUNT COMPASS",YANKALILLA,SA
part,"MOUNT COTTRELL",WYNDHAM,Vic
part,"MOUNT CRAWFORD","ADELAIDE HILLS",SA
part,"MOUNT DAMPER",ELLISTON,SA
part,"MOUNT DIRECTION","LAUNCESTON CITY",Tas
part,"MOUNT DUNEED","SURF COAST",Vic
part,"MOUNT FIELD","CENTRAL HIGHLANDS",Tas
part,"MOUNT FORBES","SCENIC RIM",Qld
part,"MOUNT GAMBIER",GRANT,SA
part,"MOUNT JAGGED","VICTOR HARBOR",SA
part,"MOUNT LAWLEY",BAYSWATER,WA
part,"MOUNT LAWLEY",VINCENT,WA
part,"MOUNT MARSDEN","MID-WESTERN REGIONAL",NSW
part,"MOUNT MARSH","CLARENCE VALLEY",NSW
part,"MOUNT NELSON",KINGBOROUGH,Tas
part,"MOUNT PRITCHARD",LIVERPOOL,NSW
part,"MOUNT ROLAND",KENTISH,Tas
part,"MOUNT TORRENS","MID MURRAY",SA
part,"MOUNT TORRENS","MOUNT BARKER",SA
part,"MOUNT WALKER WEST",IPSWICH,Qld
part,"MOUNT WERONG","UPPER LACHLAN SHIRE",NSW
part,"MOUNT WILLIAM",DORSET,Tas
part,MUDGEGONGA,INDIGO,Vic
part,"MUELLER RANGES","DERBY-WEST KIMBERLEY",WA
part,MULWALA,BERRIGAN,NSW
part,MUNDOORA,"PORT PIRIE",SA
part,MUNDOORA,WAKEFIELD,SA
part,"MUNNA CREEK",GYMPIE,Qld
part,MUNTHAM,GLENELG,Vic
part,MURBKO,"MID MURRAY",SA
part,"MURRA WARRA",YARRIAMBIACK,Vic
part,MUTDAPILLY,"SCENIC RIM",Qld
part,MUTTAMA,COOTAMUNDRA,NSW
part,"MYALL CREEK",GWYDIR,NSW
part,"MYALL PARK",GRIFFITH,NSW
part,MYLOR,"MOUNT BARKER",SA
part,MYRRHEE,BENALLA,Vic
part,"MYRTLE BANK",DORSET,Tas
part,"MYRTLE CREEK","MOUNT ALEXANDER",Vic
part,NABIAC,"GREATER TAREE",NSW
part,NALINGA,STRATHBOGIE,Vic
part,NAPIER,PLANTAGENET,WA
part,NARADHAN,CARRATHOOL,NSW
part,NARADHAN,LACHLAN,NSW
part,NAREEB,"SOUTHERN GRAMPIANS",Vic
part,NAREEN,GLENELG,Vic
part,"NARIEL VALLEY","EAST GIPPSLAND",Vic
part,NARRACAN,LATROBE,Vic
part,NARWEE,HURSTVILLE,NSW
part,"NATIONAL PARK","CENTRAL HIGHLANDS",Tas
part,"NATTE YALLOCK","CENTRAL GOLDFIELDS",Vic
part,"NATTE YALLOCK","NORTHERN GRAMPIANS",Vic
part,NATURI,"THE COORONG",SA
part,NAVARRE,"NORTHERN GRAMPIANS",Vic
part,NEDLANDS,SUBIACO,WA
part,NEERDIE,"FRASER COAST",Qld
part,NEMARLUK,"VICTORIA DALY",NT
part,NERINGLA,EUROBODALLA,NSW
part,NERRAMYNE,NORTHAMPTON,WA
part,"NERRIN NERRIN",MOYNE,Vic
part,NEVILLE,BLAYNEY,NSW
part,"NEW LAMBTON HEIGHTS","LAKE MACQUARIE",NSW
part,"NEW MAPOON",TORRES,Qld
part,NEWRYBAR,BYRON,NSW
part,"NEWTON BOYD","GLEN INNES SEVERN SHIRE",NSW
part,"NEW TOWN","GLENORCHY CITY",Tas
part,NEWTOWN,MARRICKVILLE,NSW
part,NGARKAT,"SOUTHERN MALLEE",SA
part,NGARKAT,TATIARA,SA
part,NGATJAN,"CASSOWARY COAST",Qld
part,NHULUNBUY,"UN-INCORPORATED (NHULUNBUY)",NT
part,NIANGALA,"TAMWORTH REGIONAL",NSW
part,NIANGALA,"UPPER HUNTER",NSW
part,NIGHTCAP,BYRON,NSW
part,"NINE MILE",BULOKE,Vic
part,"NIRRANDA EAST",CORANGAMITE,Vic
part,NOORAT,MOYNE,Vic
part,"NORA CREINA",ROBE,SA
part,NORANDA,SWAN,WA
part,"NORTH LILYDALE",DORSET,Tas
part,NORTHMEAD,"THE HILLS SHIRE",NSW
part,"NORTH PARRAMATTA","THE HILLS SHIRE",NSW
part,"NOVAR GARDENS","HOLDFAST BAY",SA
part,NUGENT,"GLAMORGAN-SPRING BAY",Tas
part,NUNAWADING,MANNINGHAM,Vic
part,NUNGARIN,MUKINBUDIN,WA
part,NUNGATTA,BOMBALA,NSW
part,NURIOOTPA,LIGHT,SA
part,NYORA,CARDINIA,Vic
part,OAKBANK,"MOUNT BARKER",SA
part,OAKLANDS,BERRIGAN,NSW
part,OAKLANDS,COROWA,NSW
part,OAKLANDS,JERILDERIE,NSW
part,"OAKLEIGH SOUTH",KINGSTON,Vic
part,OALLEN,PALERANG,NSW
part,OATLANDS,"THE HILLS SHIRE",NSW
part,OATLEY,"CITY OF KOGARAH",NSW
part,"OB FLAT","MOUNT GAMBIER",SA
part,"OCEAN GRANGE","EAST GIPPSLAND",Vic
part,O'CONNELL,"BATHURST REGIONAL",NSW
part,"O'HALLORAN HILL",ONKAPARINGA,SA
part,"OLYMPIC DAM","ROXBY DOWNS",SA
part,OMBERSLEY,"SURF COAST",Vic
part,OONAH,"BURNIE CITY",Tas
part,OOTHA,LACHLAN,NSW
part,ORANGE,CABONNE,NSW
part,"ORD RIVER","WYNDHAM-EAST KIMBERLEY",WA
part,ORIELTON,"CLARENCE CITY",Tas
part,ORIELTON,"SOUTHERN MIDLANDS",Tas
part,"OSBORNE PARK",VINCENT,WA
part,OTAGO,BRIGHTON,Tas
part,OUTTRIM,"BASS COAST",Vic
part,"OVERLAND CORNER","BERRI BARMERA",SA
part,OVINGHAM,PROSPECT,SA
part,"OYSTER COVE","HUON VALLEY",Tas
part,PADDINGTON,SYDNEY,NSW
part,"PAGES FLAT",YANKALILLA,SA
part,PALLAMALLAWA,GWYDIR,NSW
part,PALMERSTON,"CASSOWARY COAST",Qld
part,"PALM ISLAND","PALM ISLAND",Qld
part,PALOONA,"CENTRAL COAST",Tas
part,PALOONA,"DEVONPORT CITY",Tas
part,PALUMA,TOWNSVILLE,Qld
part,PARACOMBE,"TEA TREE GULLY",SA
part,"PARIS CREEK","MOUNT BARKER",SA
part,PARKHAM,LATROBE,Tas
part,PARKHAM,"WEST TAMAR",Tas
part,"PARK ORCHARDS",MAROONDAH,Vic
part,PARKVILLE,MORELAND,Vic
part,PARRAMATTA,HOLROYD,NSW
part,PARRAWE,"BURNIE CITY",Tas
part,PARWAN,MELTON,Vic
part,PASKEVILLE,"COPPER COAST",SA
part,PATCHEWOLLOCK,MILDURA,Vic
part,"PAYNES CROSSING",SINGLETON,NSW
part,"PEAK CROSSING",IPSWICH,Qld
part,PEARCEDALE,"MORNINGTON PENINSULA",Vic
part,"PEARCES CREEK",LISMORE,NSW
part,PEECHELBA,WANGARATTA,Vic
part,PELHAM,"SOUTHERN MIDLANDS",Tas
part,PELVERATA,KINGBOROUGH,Tas
part,"PENDLE HILL",PARRAMATTA,NSW
part,PENNYROYAL,"COLAC OTWAY",Vic
part,PENSHURST,"CITY OF KOGARAH",NSW
part,PENSHURST,MOYNE,Vic
part,"PEREGIAN BEACH","SUNSHINE COAST",Qld
part,"PERTH AIRPORT",BELMONT,WA
part,"PERTH AIRPORT",SWAN,WA
part,PERTH,VINCENT,WA
part,PETERBOROUGH,MOYNE,Vic
part,PIALLAWAY,"LIVERPOOL PLAINS",NSW
part,PIALLAWAY,"TAMWORTH REGIONAL",NSW
part,PILLIGA,COONAMBLE,NSW
part,PILLIGA,NARRABRI,NSW
part,PIMBAACLA,"STREAKY BAY",SA
part,"PINE LODGE",BERRIGAN,NSW
part,PINKAWILLINIE,KIMBA,SA
part,PINKAWILLINIE,WUDINNA,SA
part,PIONEER,"BREAK O'DAY",Tas
part,PIORA,KYOGLE,NSW
part,"PIPERS BROOK",DORSET,Tas
part,"PIPERS BROOK","LAUNCESTON CITY",Tas
part,"PIPERS RIVER","LAUNCESTON CITY",Tas
part,"PIRRON YALLOCK",CORANGAMITE,Vic
part,PITTONG,CORANGAMITE,Vic
part,PITTONG,PYRENEES,Vic
part,"POINT LONSDALE",QUEENSCLIFFE,Vic
part,POKOLBIN,SINGLETON,NSW
part,POMEROY,"UPPER LACHLAN SHIRE",NSW
part,POMONAL,"NORTHERN GRAMPIANS",Vic
part,PONTVILLE,"SOUTHERN MIDLANDS",Tas
part,POONCARIE,"UNINCORPORATED (Far West)",NSW
part,"POOWONG EAST","BAW BAW",Vic
part,"POOWONG NORTH","BAW BAW",Vic
part,"PORT GAWLER",PLAYFORD,SA
part,"PORT LINCOLN","LOWER EYRE PENINSULA",SA
part,"PORT MELBOURNE",MELBOURNE,Vic
part,"POUND CREEK","BASS COAST",Vic
part,PREMER,GUNNEDAH,NSW
part,PREMER,WARRUMBUNGLE,NSW
part,PRESTON,TOOWOOMBA,Qld
part,"PRINCE REGENT RIVER","DERBY-WEST KIMBERLEY",WA
part,"PROSPECT HILL",ALEXANDRINA,SA
part,"PROSPECT VALE","LAUNCESTON CITY",Tas
part,PUNCHBOWL,BANKSTOWN,NSW
part,"PURA PURA",MOYNE,Vic
part,PURDEET,"SOUTHERN GRAMPIANS",Vic
part,PUREBA,CEDUNA,SA
part,PUREBA,"STREAKY BAY",SA
part,PUTTY,HAWKESBURY,NSW
part,PYENGANA,DORSET,Tas
part,QUALCO,"MID MURRAY",SA
part,QUANDIALLA,BLAND,NSW
part,QUEENSTOWN,"CHARLES STURT",SA
part,RAILTON,LATROBE,Tas
part,RAINBOW,YARRIAMBIACK,Vic
part,RAMSGATE,"CITY OF KOGARAH",NSW
part,RAND,"GREATER HUME",NSW
part,RAND,LOCKHART,NSW
part,"RANKIN PARK","LAKE MACQUARIE",NSW
part,"RANKINS SPRINGS",BLAND,NSW
part,RATHSCAR,"CENTRAL GOLDFIELDS",Vic
part,RAYWOOD,"GREATER BENDIGO",Vic
part,REDBANK,PYRENEES,Vic
part,REDCASTLE,"GREATER BENDIGO",Vic
part,REDESDALE,"GREATER BENDIGO",Vic
part,REDFORD,MURWEH,Qld
part,REDHILL,"NORTHERN AREAS",SA
part,"REEVES PLAINS",LIGHT,SA
part,"REGENTS PARK",BANKSTOWN,NSW
part,REID,LIGHT,SA
part,"REID RIVER","CHARTERS TOWERS",Qld
part,RELBIA,"NORTHERN MIDLANDS",Tas
part,"RENMARK NORTH","RENMARK PARINGA",SA
part,RETREAT,"GEORGE TOWN",Tas
part,REYNARD,MANSFIELD,Vic
part,REYNELLA,MARION,SA
part,"RICHMOND PLAINS",BULOKE,Vic
part,RINGAROOMA,"BREAK O'DAY",Tas
part,"RINGWOOD NORTH",MANNINGHAM,Vic
part,RIVERSIDE,"MEANDER VALLEY",Tas
part,RIVERWOOD,HURSTVILLE,NSW
part,ROCKLEIGH,"MID MURRAY",SA
part,ROCKLEY,OBERON,NSW
part,"ROCKY CAPE",WARATAH-WYNYARD,Tas
part,"ROCKY CREEK","MOREE PLAINS",NSW
part,ROEBUCK,"DERBY-WEST KIMBERLEY",WA
part,"ROSE BAY",WAVERLEY,NSW
part,ROSEBERY,"BOTANY BAY",NSW
part,ROSEDALE,LIGHT,SA
part,ROSEVALE,"WEST TAMAR",Tas
part,ROSEVILLE,WILLOUGHBY,NSW
part,ROSEWOOD,TUMBARUMBA,NSW
part,ROSSARDEN,"BREAK O'DAY",Tas
part,ROSSGOLE,MUSWELLBROOK,NSW
part,ROSSMORE,CAMDEN,NSW
part,ROSTREVOR,"ADELAIDE HILLS",SA
part,"ROUCHEL BROOK","UPPER HUNTER",NSW
part,"ROUND SWAMP","MID-WESTERN REGIONAL",NSW
part,"ROUSE HILL","THE HILLS SHIRE",NSW
part,ROWENA,"MOREE PLAINS",NSW
part,"ROWLAND FLAT",LIGHT,SA
part,"ROXBY DOWNS","ROXBY DOWNS",SA
part,"ROYAL GEORGE","BREAK O'DAY",Tas
part,"ROYAL GEORGE","GLAMORGAN-SPRING BAY",Tas
part,ROYALLA,PALERANG,NSW
part,RUFFY,MURRINDINDI,Vic
part,"RUNNING STREAM",LITHGOW,NSW
part,RUNNYMEDE,"GLAMORGAN-SPRING BAY",Tas
part,RUPANYUP,"NORTHERN GRAMPIANS",Vic
part,"SALISBURY EAST","TEA TREE GULLY",SA
part,"SALISBURY HEIGHTS","TEA TREE GULLY",SA
part,"SALTER SPRINGS","CLARE AND GILBERT VALLEYS",SA
part,SANDOVER,"CENTRAL DESERT",NT
part,"SANS SOUCI","CITY OF KOGARAH",NSW
part,SAVERNAKE,BERRIGAN,NSW
part,SCHROEDER,NANNUP,WA
part,SCOTIA,"UNINCORPORATED (Far West)",NSW
part,SCOTSBURN,BALLARAT,Vic
part,"SEACLIFF PARK","HOLDFAST BAY",SA
part,SEBASTIAN,LODDON,Vic
part,"SEFTON PARK",PROSPECT,SA
part,SEISIA,TORRES,Qld
part,SELBOURNE,"WEST TAMAR",Tas
part,"SELLICKS HILL",YANKALILLA,SA
part,"SHAGGY RIDGE",PUA,SA
part,"SHARK BAY",CARNARVON,WA
part,"SHAYS FLAT",PYRENEES,Vic
part,"SHEIDOW PARK",ONKAPARINGA,SA
part,SHELBOURNE,LODDON,Vic
part,SHELBOURNE,"MOUNT ALEXANDER",Vic
part,SHERWOOD,"COFFS HARBOUR",NSW
part,SILVERDALE,LIVERPOOL,NSW
part,"SISTERS CREEK","CIRCULAR HEAD",Tas
part,SKIPTON,PYRENEES,Vic
part,"SLATY CREEK",LODDON,Vic
part,SMITHFIELD,HOLROYD,NSW
part,"SMOKY BAY","STREAKY BAY",SA
part,"SMYTHES CREEK",BALLARAT,Vic
part,SMYTHESDALE,PYRENEES,Vic
part,SNUG,"HUON VALLEY",Tas
part,SOFALA,"BATHURST REGIONAL",NSW
part,SOMERSET,TORRES,Qld
part,SOUTHBANK,"PORT PHILLIP",Vic
part,"SOUTHERN RIVER",ARMADALE,WA
part,"SOUTH HUMMOCKS",WAKEFIELD,SA
part,"SOUTH NIETTA",KENTISH,Tas
part,"SOUTH WHARF","PORT PHILLIP",Vic
part,"SOUTH YARRA",MELBOURNE,Vic
part,"SPECTACLE LAKE",PUA,SA
part,"SPICKETTS CREEK",NAMBUCCA,NSW
part,SPREYTON,LATROBE,Tas
part,"SPRING CREEK","SOUTHERN DOWNS",Qld
part,"SPRING GROVE",LISMORE,NSW
part,"SPRING HILL",CABONNE,NSW
part,"SPRING HILL",HEPBURN,Vic
part,"SPRING RIDGE",GUNNEDAH,NSW
part,SPRINGSIDE,CABONNE,NSW
part,"SPRING TERRACE",CABONNE,NSW
part,SPRINGTON,"MID MURRAY",SA
part,"STAGHORN FLAT",INDIGO,Vic
part,STANNUM,"GLEN INNES SEVERN SHIRE",NSW
part,"STEAM PLAINS",MURRUMBIDGEE,NSW
part,"STEEPLE FLAT","BEGA VALLEY",NSW
part,STEINFELD,GOYDER,SA
part,STEWARTON,"GREATER SHEPPARTON",Vic
part,"ST GEORGE RANGES","HALLS CREEK",WA
part,"ST KILDA EAST","GLEN EIRA",Vic
part,"ST LEONARDS","LANE COVE",NSW
part,"ST LEONARDS","NORTH SYDNEY",NSW
part,"ST MARYS",BLACKTOWN,NSW
part,STOCKINBINGAL,TEMORA,NSW
part,STOCKWELL,LIGHT,SA
part,"STONE HUT","MOUNT REMARKABLE",SA
part,STONELEIGH,ARARAT,Vic
part,"STONY CHUTE",KYOGLE,NSW
part,STONYFORD,CORANGAMITE,Vic
part,"ST PETERS",SYDNEY,NSW
part,STRANGWAYS,HEPBURN,Vic
part,STRATHFIELD,BURWOOD,NSW
part,STRATHFIELD,"CANADA BAY",NSW
part,STRATHLEA,"CENTRAL GOLDFIELDS",Vic
part,STRATHMORE,ETHERIDGE,Qld
part,STREATHAM,PYRENEES,Vic
part,"ST RUTH",TOOWOOMBA,Qld
part,STURT,DIAMANTINA,Qld
part,SUBIACO,CAMBRIDGE,WA
part,SULKY,HEPBURN,Vic
part,"SUNNY CORNER",LITHGOW,NSW
part,"SURREY HILLS",WHITEHORSE,Vic
part,SUTTON,PALERANG,NSW
part,SUTTONTOWN,"MOUNT GAMBIER",SA
part,SWANBOURNE,CLAREMONT,WA
part,SWANSTON,"GLAMORGAN-SPRING BAY",Tas
part,"SWAN VIEW",MUNDARING,WA
part,"SYDNEY OLYMPIC PARK","CANADA BAY",NSW
part,TABBITA,GRIFFITH,NSW
part,"TABLE TOP",ALBURY,NSW
part,TABULAM,KYOGLE,NSW
part,TAHARA,GLENELG,Vic
part,TALLAWANG,WARRUMBUNGLE,NSW
part,TALLONG,WINGECARRIBEE,NSW
part,TAMBAROORA,"BATHURST REGIONAL",NSW
part,"TAMBAR SPRINGS","LIVERPOOL PLAINS",NSW
part,"TAMBAR SPRINGS",WARRUMBUNGLE,NSW
part,TAMBORINE,LOGAN,Qld
part,"TANJIL SOUTH",LATROBE,Vic
part,TANTANOOLA,GRANT,SA
part,TANUNDA,LIGHT,SA
part,TARAGO,"GOULBURN MULWAREE",NSW
part,TARANA,"BATHURST REGIONAL",NSW
part,TARANA,OBERON,NSW
part,TARCOMBE,MITCHELL,Vic
part,TARILTA,HEPBURN,Vic
part,TARLO,"UPPER LACHLAN SHIRE",NSW
part,TAROON,CORANGAMITE,Vic
part,TARRAYOUKYAN,"WEST WIMMERA",Vic
part,TATHAM,LISMORE,NSW
part,TATONG,WANGARATTA,Vic
part,TAYLORVILLE,"MID MURRAY",SA
part,"TAYLORVILLE STATION","LOXTON WAIKERIE",SA
part,TEMPY,YARRIAMBIACK,Vic
part,"TEN MILE HOLLOW",HAWKESBURY,NSW
part,TEPKO,"MID MURRAY",SA
part,TERANG,MOYNE,Vic
part,TERIDGERIE,COONAMBLE,NSW
part,TERRAPPEE,BULOKE,Vic
part,TERREEL,GLOUCESTER,NSW
part,THEEBINE,"FRASER COAST",Qld
part,"THE GULF","CLARENCE VALLEY",NSW
part,"THE LAGOON","BATHURST REGIONAL",NSW
part,"THE MARRA",BOGAN,NSW
part,"THE MARRA",BREWARRINA,NSW
part,"THE PILLIGA",GUNNEDAH,NSW
part,"THE RANGE",ALEXANDRINA,SA
part,"THE ROCK","WAGGA WAGGA",NSW
part,THORPDALE,"SOUTH GIPPSLAND",Vic
part,"THORPDALE SOUTH","SOUTH GIPPSLAND",Vic
part,TICKERA,"COPPER COAST",SA
part,TILPA,COBAR,NSW
part,"TIN CAN BAY","FRASER COAST",Qld
part,TINDERRY,PALERANG,NSW
part,TINGHA,INVERELL,NSW
part,TINPOT,"BEGA VALLEY",NSW
part,TITTYBONG,BULOKE,Vic
part,TIVENDALE,"UN-INCORPORATED (ELRUNDIE)",NT
part,TOCAL,DUNGOG,NSW
part,TOLDEROL,"MURRAY BRIDGE",SA
part,TOMALLA,GLOUCESTER,NSW
part,"TOM GROGGIN","EAST GIPPSLAND",Vic
part,TOOLANGI,"YARRA RANGES",Vic
part,"TOOLARA FOREST","FRASER COAST",Qld
part,"TOOLERN VALE","MACEDON RANGES",Vic
part,TOOLLEEN,"GREATER BENDIGO",Vic
part,TOOLONGA,NORTHAMPTON,WA
part,TOONGABBIE,HOLROYD,NSW
part,TOONGABBIE,PARRAMATTA,NSW
part,TOORADIN,CARDINIA,Vic
part,"TOORA NORTH",WELLINGTON,Vic
part,TOORONGO,"YARRA RANGES",Vic
part,TORRINGTON,"GLEN INNES SEVERN SHIRE",NSW
part,TOWANINNY,GANNAWARRA,Vic
part,TRAWOOL,MURRINDINDI,Vic
part,TREETON,BUSSELTON,WA
part,"TRENTHAM EAST",HEPBURN,Vic
part,TRENTHAM,MOORABOOL,Vic
part,"TRIANGLE FLAT",OBERON,NSW
part,TRIDA,"BAW BAW",Vic
part,TRUGANINA,MELTON,Vic
part,"TUAN FOREST",GYMPIE,Qld
part,TULLAMORE,LACHLAN,NSW
part,TULLOONA,GWYDIR,NSW
part,TUNBRIDGE,"SOUTHERN MIDLANDS",Tas
part,TURILL,"UPPER HUNTER",NSW
part,"TWELVE MILE","MID-WESTERN REGIONAL",NSW
part,TYLDEN,HEPBURN,Vic
part,TYRCONNEL,MURWEH,Qld
part,TYRENDARRA,MOYNE,Vic
part,TYRRELL,"SWAN HILL",Vic
part,ULEYBURY,GAWLER,SA
part,UNDULLAH,"SCENIC RIM",Qld
part,UNGARIE,LACHLAN,NSW
part,"UPPER CORINDI","CLARENCE VALLEY",NSW
part,"UPPER ESK",DORSET,Tas
part,"UPPER FERNTREE GULLY","YARRA RANGES",Vic
part,"UPPER HERMITAGE","ADELAIDE HILLS",SA
part,"UPPER HORTON","TAMWORTH REGIONAL",NSW
part,"UPPER KANGAROO VALLEY",WINGECARRIBEE,NSW
part,"UPPER LURG",WANGARATTA,Vic
part,"UPPER PILTON","SOUTHERN DOWNS",Qld
part,"UPPER STURT",MITCHAM,SA
part,"UPPER TURON","BATHURST REGIONAL",NSW
part,"UPPER TURON",LITHGOW,NSW
part,URANA,LOCKHART,NSW
part,URBENVILLE,KYOGLE,NSW
part,URIARRA,TUMUT,NSW
part,VALLA,BELLINGEN,NSW
part,VARROVILLE,CAMDEN,NSW
part,VAUCLUSE,WAVERLEY,NSW
part,VERDUN,"MOUNT BARKER",SA
part,VERESDALE,LOGAN,Qld
part,"VERESDALE SCRUB",LOGAN,Qld
part,VERMONT,MAROONDAH,Vic
part,"VICTORIA HILL",TOOWOOMBA,Qld
part,VILLAWOOD,FAIRFIELD,NSW
part,VINEYARD,BLACKTOWN,NSW
part,"VIOLET TOWN","GREATER SHEPPARTON",Vic
part,VITTORIA,CABONNE,NSW
part,WADBILLIGA,COOMA-MONARO,NSW
part,WADDIKEE,KIMBA,SA
part,WAGGRAKINE,"CHAPMAN VALLEY",WA
part,WAHROONGA,HORNSBY,NSW
part,WAITPINGA,YANKALILLA,SA
part,WALHALLA,WELLINGTON,Vic
part,"WALKLEY HEIGHTS","PORT ADELAIDE ENFIELD",SA
part,WALLACEDALE,MOYNE,Vic
part,WALLACIA,LIVERPOOL,NSW
part,WALLACIA,WOLLONDILLY,NSW
part,"WALL FLAT","MID MURRAY",SA
part,"WALLS OF JERUSALEM","MEANDER VALLEY",Tas
part,WANAARING,BOURKE,NSW
part,WARRADERRY,FORBES,NSW
part,WARROO,LACHLAN,NSW
part,WAYO,"UPPER LACHLAN SHIRE",NSW
part,"WEST ARNHEM","EAST ARNHEM",NT
part,WESTERWAY,"CENTRAL HIGHLANDS",Tas
part,"WEST HALDON","LOCKYER VALLEY",Qld
part,WESTMEAD,HOLROYD,NSW
part,"WEST MOONAH","HOBART CITY",Tas
part,"WEST PENNANT HILLS",HORNSBY,NSW
part,"WEST PERTH",VINCENT,WA
part,"WEST TAKONE","CIRCULAR HEAD",Tas
part,WESTWOOD,ROCKHAMPTON,Qld
part,"WHIAN WHIAN",BYRON,NSW
part,"WHITE CLIFFS","CENTRAL DARLING",NSW
part,WHITTON,GRIFFITH,NSW
part,WHROO,CAMPASPE,Vic
part,"WHYALLA BARSON","UIA WHYALLA",SA
part,"WHYTE YARCOWIE","NORTHERN AREAS",SA
part,WIALKI,MUKINBUDIN,WA
part,WIARBOROUGH,OBERON,NSW
part,"WILD HORSE PLAINS",MALLALA,SA
part,WILKUR,YARRIAMBIACK,Vic
part,WILLALA,NARRABRI,NSW
part,WILLAMULKA,"BARUNGA WEST",SA
part,WILLASTON,LIGHT,SA
part,WILLBRIGGIE,CARRATHOOL,NSW
part,WILLIAMSDALE,COOMA-MONARO,NSW
part,WILMINGTON,"FLINDERS RANGES",SA
part,WILMOT,"CENTRAL COAST",Tas
part,WINCHELSEA,"COLAC OTWAY",Vic
part,WINDERA,GYMPIE,Qld
part,WINGEEL,"GOLDEN PLAINS",Vic
part,WINNINOWIE,"MOUNT REMARKABLE",SA
part,"WINSTON HILLS","THE HILLS SHIRE",NSW
part,WIRRABARA,"NORTHERN AREAS",SA
part,WIRRINYA,WEDDIN,NSW
part,"WISEMANS CREEK","BATHURST REGIONAL",NSW
part,"WISEMANS FERRY",GOSFORD,NSW
part,"WISEMANS FERRY",HAWKESBURY,NSW
part,"WISEMANS FERRY","THE HILLS SHIRE",NSW
part,WOKURNA,WAKEFIELD,SA
part,WOLLEMI,LITHGOW,NSW
part,WOLLOGORANG,"UPPER LACHLAN SHIRE",NSW
part,WOLLUN,WALCHA,NSW
part,"WOMBEYAN CAVES",WINGECARRIBEE,NSW
part,WONGUNGARRA,ALPINE,Vic
part,WONGWIBINDA,"ARMIDALE DUMARESQ",NSW
part,WONYIP,"SOUTH GIPPSLAND",Vic
part,WOODENBONG,TENTERFIELD,NSW
part,WOODFORD,MOYNE,Vic
part,WOODHOUSELEE,"GOULBURN MULWAREE",NSW
part,WOODSDALE,"GLAMORGAN-SPRING BAY",Tas
part,WOODVILLE,MAITLAND,NSW
part,WOOLBROOK,"TAMWORTH REGIONAL",NSW
part,WOOLLOOMOOLOO,"UNINCORPORATED (Sydney)",NSW
part,WOOLUNDUNGA,"PORT AUGUSTA",SA
part,"WOORARRA EAST",WELLINGTON,Vic
part,WOORNDOO,ARARAT,Vic
part,WOOROONOORAN,CAIRNS,Qld
part,WOOROONOORAN,"CASSOWARY COAST",Qld
part,WOOSANG,BULOKE,Vic
part,WOOYUNG,BYRON,NSW
part,"WORONORA DAM",CAMPBELLTOWN,NSW
part,"WORONORA DAM","SUTHERLAND SHIRE",NSW
part,WORROLONG,"MOUNT GAMBIER",SA
part,WYANGALA,COWRA,NSW
part,WYENA,DORSET,Tas
part,WYUNA,"GREATER SHEPPARTON",Vic
part,"YALLOURN NORTH","BAW BAW",Vic
part,YANGERY,MOYNE,Vic
part,"YAN YEAN",NILLUMBIK,Vic
part,YAOUK,"SNOWY RIVER",NSW
part,YARRABANDAI,PARKES,NSW
part,YARRABIN,WELLINGTON,NSW
part,YARRAH,PUA,SA
part,"YELLOW ROCK",KIAMA,NSW
part,YENDA,CARRATHOOL,NSW
part,YENNORA,FAIRFIELD,NSW
part,"YEUNGROON EAST",LODDON,Vic
part,"YORK TOWN",LATROBE,Tas
part,YOUNGTOWN,"NORTHERN MIDLANDS",Tas
part,YOWRIE,EUROBODALLA,NSW
part,YUMBARRA,CEDUNA,SA
